"SDO_ID","SDO_Name","Geogr_Laenge","Geogr_Breite","Hoehe_ueber_NN","Metadata_Link"
"963","Diepholz","8.342405","52.588112","38.0","https://cdc.dwd.de/rest/metadata/station/html/812300036263"
"4651","Seesen","10.188523","51.903973","186.0","https://cdc.dwd.de/rest/metadata/station/html/812300041255"
"848","Celle (Stadt)","10.072598","52.614642","38.0","https://cdc.dwd.de/rest/metadata/station/html/812300042535"
"13675","Hameln-Hastenbeck","9.407661","52.081826","77.0","https://cdc.dwd.de/rest/metadata/station/html/812300046247"
"2821","Lamspringe","10.0157","51.9603","214.0","https://cdc.dwd.de/rest/metadata/station/html/812300047527"
"4847","Steinberg","9.6902","51.3629","500.0","https://cdc.dwd.de/rest/metadata/station/html/812300052519"
"368","Bergen","9.924809","52.815233","70.0","https://cdc.dwd.de/rest/metadata/station/html/812300093031"
"3093","Lüchow","11.137371","52.972379","16.0","https://cdc.dwd.de/rest/metadata/station/html/812300098023"
"643","Brake-Süderfeld","8.4529","53.296","0.0","https://cdc.dwd.de/rest/metadata/station/html/812300099303"
"6093","Wendisch Evern","10.470375","53.213878","62.0","https://cdc.dwd.de/rest/metadata/station/html/812300103015"
"2005","Hankensbüttel","10.598687","52.719949","108.0","https://cdc.dwd.de/rest/metadata/station/html/812300104295"
"3815","Osnabrück","8.0534","52.2553","95.0","https://cdc.dwd.de/rest/metadata/station/html/812300109287"
"1503","Friesoythe-Altenoythe","7.902205","53.064299","6.0","https://cdc.dwd.de/rest/metadata/station/html/812300154791"
"4857","Mittelnkirchen-Hohenfelde","9.609701","53.553446","1.0","https://cdc.dwd.de/rest/metadata/station/html/812300159783"
"1066","Duderstadt","10.2613","51.504","180.0","https://cdc.dwd.de/rest/metadata/station/html/812300161063"
"3045","Löningen-Hagel","7.8763","52.7432","27.0","https://cdc.dwd.de/rest/metadata/station/html/812300166055"
"5236","Visbek","8.3112","52.8318","51.0","https://cdc.dwd.de/rest/metadata/station/html/812300171047"
"704","Bremervörde","9.13903","53.445118","11.0","https://cdc.dwd.de/rest/metadata/station/html/812300211559"
"3612","Nienburg","9.22291","52.671083","25.0","https://cdc.dwd.de/rest/metadata/station/html/812300216551"
"661","Braunschweig (T.H.)","10.5334","52.2708","75.0","https://cdc.dwd.de/rest/metadata/station/html/812300217831"
"7099","Liebenburg-Othfresen","10.396557","52.011142","187.0","https://cdc.dwd.de/rest/metadata/station/html/812300221543"
"2206","Hildesheim","9.8838","52.1408","117.0","https://cdc.dwd.de/rest/metadata/station/html/812300222823"
"4288","Rothenfelde, Bad","8.180841","52.103832","95.0","https://cdc.dwd.de/rest/metadata/station/html/812300227815"
"78","Alfhausen","7.912553","52.485314","65.0","https://cdc.dwd.de/rest/metadata/station/html/812300268327"
"2174","Herzberg","10.369512","51.625476","238.0","https://cdc.dwd.de/rest/metadata/station/html/812300273319"
"327","Bederkesa","8.8323","53.6234","27.0","https://cdc.dwd.de/rest/metadata/station/html/812300274599"
"5640","Wittmundhafen","7.667164","53.550377","8.0","https://cdc.dwd.de/rest/metadata/station/html/812300278311"
"1219","Emden-Nesserland","7.1909","53.3449","5.0","https://cdc.dwd.de/rest/metadata/station/html/812300279591"
"3236","Melle","8.338243","52.204399","89.0","https://cdc.dwd.de/rest/metadata/station/html/812300284583"
"5575","Wilhelmshaven","8.106","53.5901","1.0","https://cdc.dwd.de/rest/metadata/station/html/812300289575"
"891","Cuxhaven","8.705821","53.871254","5.0","https://cdc.dwd.de/rest/metadata/station/html/812300330087"
"4275","Rotenburg (Wümme)","9.339751","53.128845","32.0","https://cdc.dwd.de/rest/metadata/station/html/812300335079"
"760","Rosengarten-Klecken","9.943536","53.362898","82.0","https://cdc.dwd.de/rest/metadata/station/html/812300336359"
"7432","Wittingen-Vorhop","10.662715","52.642293","72.0","https://cdc.dwd.de/rest/metadata/station/html/812300340071"
"2689","Königsmoor","9.652723","53.227933","40.0","https://cdc.dwd.de/rest/metadata/station/html/812300341351"
"4571","Schulenberg","10.4312","51.8369","504.0","https://cdc.dwd.de/rest/metadata/station/html/812300346343"
"342","Belm","8.16943","52.317043","103.0","https://cdc.dwd.de/rest/metadata/station/html/812300386855"
"3044","Löningen","7.7472","52.7198","22.0","https://cdc.dwd.de/rest/metadata/station/html/812300391847"
"642","Brake","8.496926","53.351708","1.0","https://cdc.dwd.de/rest/metadata/station/html/812300393127"
"5839","Emden","7.228703","53.388079","0.0","https://cdc.dwd.de/rest/metadata/station/html/812300396839"
"1993","Hameln","9.389576","52.084784","68.0","https://cdc.dwd.de/rest/metadata/station/html/812300398119"
"3791","Oldenburg","8.1824","53.1763","11.0","https://cdc.dwd.de/rest/metadata/station/html/812300403111"
"5832","Dannenberg","11.0455","53.1007","50.0","https://cdc.dwd.de/rest/metadata/station/html/812300408103"
"1451","Freiburg/Elbe","9.249276","53.827696","2.0","https://cdc.dwd.de/rest/metadata/station/html/812300448615"
"4841","Steinau, Kr. Cuxhaven","8.873515","53.694589","1.0","https://cdc.dwd.de/rest/metadata/station/html/812300453607"
"865","Cloppenburg","8.0624","52.8441","42.0","https://cdc.dwd.de/rest/metadata/station/html/812300454887"
"2872","Lathen","7.3489","52.8457","15.0","https://cdc.dwd.de/rest/metadata/station/html/812300459879"
"5165","Unterlüß","10.2898","52.8499","95.0","https://cdc.dwd.de/rest/metadata/station/html/812300464871"
"662","Braunschweig","10.446448","52.291469","81.0","https://cdc.dwd.de/rest/metadata/station/html/812300505383"
"3348","Moringen-Lutterbeck","9.83518","51.720864","240.0","https://cdc.dwd.de/rest/metadata/station/html/812300510375"
"660","Braunschweig-Gliesmarode","10.5656","52.2744","83.0","https://cdc.dwd.de/rest/metadata/station/html/812300511655"
"6159","Dörpen","7.319582","52.954182","8.0","https://cdc.dwd.de/rest/metadata/station/html/812300515367"
"2120","Helmstedt","11.0219","52.2164","140.0","https://cdc.dwd.de/rest/metadata/station/html/812300516647"
"4029","Quakenbrück","7.9544","52.6691","25.0","https://cdc.dwd.de/rest/metadata/station/html/812300521639"
"44","Großenkneten","8.237038","52.933597","44.0","https://cdc.dwd.de/rest/metadata/station/html/812300562151"
"2014","Hannover","9.677917","52.464425","58.0","https://cdc.dwd.de/rest/metadata/station/html/812300567143"
"243","Aurich","7.467","53.4621","4.0","https://cdc.dwd.de/rest/metadata/station/html/812300568423"
"5146","Uelzen","10.528857","52.941435","50.0","https://cdc.dwd.de/rest/metadata/station/html/812300572135"
"1204","Elsfleth","8.4612","53.2346","1.0","https://cdc.dwd.de/rest/metadata/station/html/812300573415"
"3222","Meerbeck","9.1403","52.3411","60.0","https://cdc.dwd.de/rest/metadata/station/html/812300578407"
"5344","Wangerooge","7.909559","53.786537","2.0","https://cdc.dwd.de/rest/metadata/station/html/812300583399"
"850","Celle","10.029573","52.595933","39.0","https://cdc.dwd.de/rest/metadata/station/html/812300623911"
"3639","Nordholz (Flugplatz)","8.658329","53.764673","25.0","https://cdc.dwd.de/rest/metadata/station/html/812300628903"
"705","Bremervörde-Niederochtenhausen","9.1664","53.5312","5.0","https://cdc.dwd.de/rest/metadata/station/html/812300630183"
"7373","Borkum-Flugplatz","6.702358","53.598388","3.0","https://cdc.dwd.de/rest/metadata/station/html/812300633895"
"2464","Jork","9.6752","53.5316","1.0","https://cdc.dwd.de/rest/metadata/station/html/812300635175"
"4367","Salzhemmendorf-Lauenstein","9.551981","52.078066","175.0","https://cdc.dwd.de/rest/metadata/station/html/812300640167"
"294","Barsinghausen-Hohenbostel","9.429984","52.31985","110.0","https://cdc.dwd.de/rest/metadata/station/html/812300680679"
"3023","Lingen","7.308057","52.518093","22.0","https://cdc.dwd.de/rest/metadata/station/html/812300685671"
"619","Borkum-Süderstraße","6.670348","53.578793","12.0","https://cdc.dwd.de/rest/metadata/station/html/812300686951"
"5715","Wunstorf","9.431127","52.46051","57.0","https://cdc.dwd.de/rest/metadata/station/html/812300690663"
"1299","Esens","7.6085","53.6476","3.0","https://cdc.dwd.de/rest/metadata/station/html/812300691943"
"3790","Oldenburg (A)","8.2516","53.1018","5.0","https://cdc.dwd.de/rest/metadata/station/html/812300696935"
"5821","Bassum (A)","8.719","52.8482","36.0","https://cdc.dwd.de/rest/metadata/station/html/812300701927"
"1339","Faßberg","10.188545","52.915652","73.0","https://cdc.dwd.de/rest/metadata/station/html/812300742439"
"4745","Soltau","9.793049","52.960408","75.0","https://cdc.dwd.de/rest/metadata/station/html/812300747431"
"863","Clausthal-Zellerfeld","10.347","51.7904","585.0","https://cdc.dwd.de/rest/metadata/station/html/812300748711"
"13777","Helmstedt-Emmerstedt","10.959196","52.246667","110.0","https://cdc.dwd.de/rest/metadata/station/html/812300752423"
"2861","Langeoog","7.4775","53.7445","5.0","https://cdc.dwd.de/rest/metadata/station/html/812300753703"
"5067","Torfhaus im Solling","9.5628","51.7643","491.0","https://cdc.dwd.de/rest/metadata/station/html/812300758695"
"656","Braunlage","10.602109","51.723383","607.0","https://cdc.dwd.de/rest/metadata/station/html/812300799207"
"3254","Meppen","7.317629","52.715579","19.0","https://cdc.dwd.de/rest/metadata/station/html/812300804199"
"645","Bramsche","7.968234","52.408318","75.0","https://cdc.dwd.de/rest/metadata/station/html/812300805479"
"6157","Wangerland-Hooksiel","8.080849","53.641047","8.0","https://cdc.dwd.de/rest/metadata/station/html/812300809191"
"2039","Harzburg, Bad","10.569851","51.900249","201.0","https://cdc.dwd.de/rest/metadata/station/html/812300810471"
"3867","Papenburg","7.481371","53.064298","7.0","https://cdc.dwd.de/rest/metadata/station/html/812300815463"
"13776","Hildesheim-Drispenstedt","9.9524","52.1789","85.0","https://cdc.dwd.de/rest/metadata/station/html/812300820455"
"1691","Göttingen","9.950659","51.500248","167.0","https://cdc.dwd.de/rest/metadata/station/html/812300860967"
"172","Annaturm","9.5056","52.2486","395.0","https://cdc.dwd.de/rest/metadata/station/html/812300862247"
"5014","Worpswede-Hüttenbusch","8.985687","53.275827","7.0","https://cdc.dwd.de/rest/metadata/station/html/812300865959"
"1172","Einbeck","9.8871","51.8189","123.0","https://cdc.dwd.de/rest/metadata/station/html/812300867239"
"3103","Lüneburg","10.424","53.2657","11.0","https://cdc.dwd.de/rest/metadata/station/html/812300872231"
"5252","Voldagsen","9.5845","52.103","100.0","https://cdc.dwd.de/rest/metadata/station/html/812300877223"
"769","Bückeburg","9.088939","52.281732","68.0","https://cdc.dwd.de/rest/metadata/station/html/812300917735"
"3631","Norderney","7.151923","53.712304","11.0","https://cdc.dwd.de/rest/metadata/station/html/812300922727"
"703","Bremervörde (A)","9.1553","53.4779","5.0","https://cdc.dwd.de/rest/metadata/station/html/812300924007"
"7367","Alfeld","9.80717","51.964331","144.0","https://cdc.dwd.de/rest/metadata/station/html/812300927719"
"2456","Jever","7.8806","53.5322","7.0","https://cdc.dwd.de/rest/metadata/station/html/812300928999"
"4364","Salzgitter-Ringelheim","10.3054","52.0355","138.0","https://cdc.dwd.de/rest/metadata/station/html/812300933991"
"102","Leuchtturm Alte Weser","8.1275","53.86333","32.0","https://cdc.dwd.de/rest/metadata/station/html/812300974503"
"5822","Bassum","8.698827","52.86304","40.0","https://cdc.dwd.de/rest/metadata/station/html/812300975038"
"2323","Bevern, Kr. Holzminden","9.495274","51.85294","110.0","https://cdc.dwd.de/rest/metadata/station/html/812300979495"
"588","Boffzen","9.3953","51.752","105.0","https://cdc.dwd.de/rest/metadata/station/html/812300980775"
"5676","Wolfsburg (Südwest)","10.689225","52.396186","82.0","https://cdc.dwd.de/rest/metadata/station/html/812300984487"
"1221","Emden-Wolthusen","7.2236","53.3707","0.0","https://cdc.dwd.de/rest/metadata/station/html/812300985767"
"3640","Nordhorn-Blanke","7.063994","52.412368","24.0","https://cdc.dwd.de/rest/metadata/station/html/812300990759"
"5675","Wolfsburg","10.7587","52.4411","56.0","https://cdc.dwd.de/rest/metadata/station/html/812300995751"
"2324","Holzminden-Silberborn","9.5447","51.7659","440.0","https://cdc.dwd.de/rest/metadata/station/html/812301009740"
