{
  "id" : "49993d92-9ba1-46bf-9f9a-d21f349dc845",
  "type" : "Observation-Collection",
  "href" : "https://cdc.dwd.de/portal/shortlink/49993d92-9ba1-46bf-9f9a-d21f349dc845",
  "member" : [ {
    "id" : "TMK_MN004",
    "type" : "Observation",
    "phenomenonTime" : {
      "timePeriod" : {
        "beginPosition" : "2020-01-28",
        "endPosition" : "2020-06-23"
      }
    },
    "procedure" : {
      "id" : "TMK_MN004",
      "uuid" : "432300706574",
      "href" : "urn:x-wmo:md:de.dwd.cdc::TMK_MN004",
      "title" : "Daily station observations of mean temperature at 2 m above ground in °C",
      "uom" : "°C"
    },
    "featureOfInterest" : {
      "type" : "DataArray",
      "count" : 108,
      "record" : {
        "encoding" : {
          "blockSeparator" : "newline",
          "tokenSeparator" : ",",
          "tokenEnclosing" : "\"",
          "decimalSign" : "."
        },
        "fields" : [ {
          "ix" : 1,
          "name" : "SDO_ID",
          "type" : "string"
        }, {
          "ix" : 2,
          "name" : "SDO_Name",
          "type" : "string"
        }, {
          "ix" : 3,
          "name" : "Geogr_Laenge",
          "type" : "double"
        }, {
          "ix" : 4,
          "name" : "Geogr_Breite",
          "type" : "double"
        }, {
          "ix" : 5,
          "name" : "Hoehe_ueber_NN",
          "type" : "double"
        }, {
          "ix" : 6,
          "name" : "Metadata_Link",
          "type" : "string"
        } ]
      },
      "values" : {
        "href" : "data/sdo_TMK_MN004.csv"
      }
    },
    "result" : {
      "type" : "DataArray",
      "count" : 7024,
      "record" : {
        "fields" : [ {
          "ix" : 1,
          "name" : "Produkt_Code",
          "type" : "string",
          "description" : "reference to procedure.id"
        }, {
          "ix" : 2,
          "name" : "SDO_ID",
          "type" : "string",
          "description" : "reference to featureOfInterest.id"
        }, {
          "ix" : 3,
          "name" : "Zeitstempel",
          "type" : "datetime",
          "uom" : {
            "href" : "http://www.opengis.net/def/uom/ISO-8601/0/Gregorian",
            "title" : ""
          }
        }, {
          "ix" : 4,
          "name" : "Wert",
          "type" : "double",
          "description" : "value of the procedure at specified point in time in the procuedure.uom"
        }, {
          "ix" : 5,
          "name" : "Qualitaet_Niveau",
          "type" : "string",
          "uom" : {
            "href" : "https://cdc.dwd.de/skos/taxon/qs/Qualitaetsniveau",
            "title" : ""
          }
        }, {
          "ix" : 6,
          "name" : "Qualitaet_Byte",
          "type" : "string",
          "uom" : {
            "href" : "https://cdc.dwd.de/skos/taxon/qs/Qualitaetsbyte",
            "title" : ""
          }
        } ]
      },
      "values" : {
        "href" : "data/data_TMK_MN004.csv"
      }
    }
  } ]
}