<?xml version="1.0"?>
<go:station xmlns:go="http://meteoswiss.ch/oscar/xsd/go" xmlns:wmdscl="http://meteoswiss.ch/oscar/xsd/wmdscl" xmlns:gocl="http://meteoswiss.ch/oscar/xsd/gocl" xmlns:dwdcdc="http://dwd.de/cdc/xsd/mesa">
  <go:StationInfo>
    <go:StationID>812300510375</go:StationID>
    <go:wigosID>0-20000-0-3348</go:wigosID>
    <go:stationName>Moringen-Lutterbeck</go:stationName>
    <go:stationLongitude>9.83518</go:stationLongitude>
    <go:stationLatitude>51.720864</go:stationLatitude>
    <go:stationElevation>240</go:stationElevation>
    <wmdscl:siteInformation/>
    <wmdscl:country>3-02-68</wmdscl:country>
    <wmdscl:wmoRegion>3-01- TODO</wmdscl:wmoRegion>
    <wmdscl:dateEstablished>1990-07-01T00:00:00</wmdscl:dateEstablished>
    <wmdscl:dateClosed>...</wmdscl:dateClosed>
  </go:StationInfo>
  <wmdscl:event>
    <wmdscl:eventInfo>
      <gocl:modDTFrom>1990-07-01T00:00:00</gocl:modDTFrom>
      <gocl:modDTUntil>2004-05-31T00:00:00</gocl:modDTUntil>
      <go:stationLatitude>51.720707</go:stationLatitude>
      <go:stationLongitude>9.835206</go:stationLongitude>
      <go:stationElevation>240</go:stationElevation>
      <wmdscl:siteInformation>21 km NNW Göttingen, 11 km W Northeim, 8 km W Gewässer Leine, 7,5 km W BAB A7, 3,8 km E vom Solling, 3 km NW Moringen, im W Teil Lutterbeck am Ortsrand</wmdscl:siteInformation>
    </wmdscl:eventInfo>
    <wmdscl:eventInfo>
      <gocl:modDTFrom>2004-06-01T00:00:00</gocl:modDTFrom>
      <gocl:modDTUntil>...</gocl:modDTUntil>
      <go:stationLatitude>51.720864</go:stationLatitude>
      <go:stationLongitude>9.83518</go:stationLongitude>
      <go:stationElevation>240</go:stationElevation>
      <wmdscl:siteInformation>Ortsrand</wmdscl:siteInformation>
    </wmdscl:eventInfo>
  </wmdscl:event>
  <go:observation>
    <go:observationInfo>
      <wmdscl:observedVariable>
        <wmdscl:observedVariableInfo>etc.<gocl:instrument/>
          <wmdscl:dataProcessingAndReporting>
            <wmdscl:dataProcessingAndReportingInfo>
              <dwdcdc:mezaId>432300634830</dwdcdc:mezaId>
              <dwdcdc:mezaDescription>N :GESAMT_BEDECKUNGSGRAD</dwdcdc:mezaDescription>
              <gocl:modDTFrom>2004-06-01T06:00:00.000000</gocl:modDTFrom>
              <gocl:modDTUntil>2011-12-31T18:00:00.000000</gocl:modDTUntil>
              <wmdscl:processingMethod>Instantan:Instantan oder Messwert für den das Zeitintervall nicht weiter aufgelöst werden kann</wmdscl:processingMethod>
              <wmdscl:aggregationPeriod>1 Stunde</wmdscl:aggregationPeriod>
              <wmdscl:referenceTime>undefined</wmdscl:referenceTime>
              <wmdscl:referenceDate>undefined</wmdscl:referenceDate>
            </wmdscl:dataProcessingAndReportingInfo>
            <wmdscl:dataProcessingAndReportingInfo>
              <dwdcdc:mezaId>432300170702</dwdcdc:mezaId>
              <dwdcdc:mezaDescription>MO_VPM :DAMPFDRUCK</dwdcdc:mezaDescription>
              <gocl:modDTFrom>1990-07-01T00:00:00.000000</gocl:modDTFrom>
              <gocl:modDTUntil>2019-05-01T00:00:00.000000</gocl:modDTUntil>
              <wmdscl:processingMethod>Mittelwert</wmdscl:processingMethod>
              <wmdscl:aggregationPeriod>1 Monat</wmdscl:aggregationPeriod>
              <wmdscl:referenceTime>undefined</wmdscl:referenceTime>
              <wmdscl:referenceDate>undefined</wmdscl:referenceDate>
            </wmdscl:dataProcessingAndReportingInfo>
            <wmdscl:dataProcessingAndReportingInfo>
              <dwdcdc:mezaId>432300531278</dwdcdc:mezaId>
              <dwdcdc:mezaDescription>NM :BEDECKUNGSGRAD</dwdcdc:mezaDescription>
              <gocl:modDTFrom>1990-07-01T00:00:00.000000</gocl:modDTFrom>
              <gocl:modDTUntil>2011-12-31T00:00:00.000000</gocl:modDTUntil>
              <wmdscl:processingMethod>Mittelwert</wmdscl:processingMethod>
              <wmdscl:aggregationPeriod>1 Tag</wmdscl:aggregationPeriod>
              <wmdscl:referenceTime>undefined</wmdscl:referenceTime>
              <wmdscl:referenceDate>undefined</wmdscl:referenceDate>
            </wmdscl:dataProcessingAndReportingInfo>
            <wmdscl:dataProcessingAndReportingInfo>
              <dwdcdc:mezaId>432300913678</dwdcdc:mezaId>
              <dwdcdc:mezaDescription>RSF :NIEDERSCHLAGSHOEHE_IND</dwdcdc:mezaDescription>
              <gocl:modDTFrom>1990-07-01T00:00:00.000000</gocl:modDTFrom>
              <gocl:modDTUntil>2019-06-30T00:00:00.000000</gocl:modDTUntil>
              <wmdscl:processingMethod>Summe</wmdscl:processingMethod>
              <wmdscl:aggregationPeriod>24 Stunden</wmdscl:aggregationPeriod>
              <wmdscl:referenceTime>undefined</wmdscl:referenceTime>
              <wmdscl:referenceDate>undefined</wmdscl:referenceDate>
            </wmdscl:dataProcessingAndReportingInfo>
            <wmdscl:dataProcessingAndReportingInfo>
              <dwdcdc:mezaId>432300763342</dwdcdc:mezaId>
              <dwdcdc:mezaDescription>JA_NSH :NEUSCHNEEHOEHE</dwdcdc:mezaDescription>
              <gocl:modDTFrom>1991-01-01T00:00:00.000000</gocl:modDTFrom>
              <gocl:modDTUntil>2011-01-01T00:00:00.000000</gocl:modDTUntil>
              <wmdscl:processingMethod>Summe</wmdscl:processingMethod>
              <wmdscl:aggregationPeriod>1 Jahr</wmdscl:aggregationPeriod>
              <wmdscl:referenceTime>undefined</wmdscl:referenceTime>
              <wmdscl:referenceDate>undefined</wmdscl:referenceDate>
            </wmdscl:dataProcessingAndReportingInfo>
            <wmdscl:dataProcessingAndReportingInfo>
              <dwdcdc:mezaId>432300960462</dwdcdc:mezaId>
              <dwdcdc:mezaDescription>MO_TX :LUFTTEMPERATUR_MAXIMUM</dwdcdc:mezaDescription>
              <gocl:modDTFrom>1990-07-01T00:00:00.000000</gocl:modDTFrom>
              <gocl:modDTUntil>2019-05-01T00:00:00.000000</gocl:modDTUntil>
              <wmdscl:processingMethod>Mittelwert</wmdscl:processingMethod>
              <wmdscl:aggregationPeriod>1 Monat</wmdscl:aggregationPeriod>
              <wmdscl:referenceTime>undefined</wmdscl:referenceTime>
              <wmdscl:referenceDate>undefined</wmdscl:referenceDate>
            </wmdscl:dataProcessingAndReportingInfo>
            <wmdscl:dataProcessingAndReportingInfo>
              <dwdcdc:mezaId>2532461327</dwdcdc:mezaId>
              <dwdcdc:mezaDescription>NSH_TAG :NEUSCHNEEHOEHE</dwdcdc:mezaDescription>
              <gocl:modDTFrom>1990-07-01T07:00:00.000000</gocl:modDTFrom>
              <gocl:modDTUntil>2020-04-30T06:00:00.000000</gocl:modDTUntil>
              <wmdscl:processingMethod>Summe</wmdscl:processingMethod>
              <wmdscl:aggregationPeriod>24 Stunden</wmdscl:aggregationPeriod>
              <wmdscl:referenceTime>undefined</wmdscl:referenceTime>
              <wmdscl:referenceDate>undefined</wmdscl:referenceDate>
            </wmdscl:dataProcessingAndReportingInfo>
            <wmdscl:dataProcessingAndReportingInfo>
              <dwdcdc:mezaId>432300896846</dwdcdc:mezaId>
              <dwdcdc:mezaDescription>RSKF :NIEDERSCHLAGSHOEHE_IND</dwdcdc:mezaDescription>
              <gocl:modDTFrom>1990-07-01T00:00:00.000000</gocl:modDTFrom>
              <gocl:modDTUntil>2019-06-25T00:00:00.000000</gocl:modDTUntil>
              <wmdscl:processingMethod>Summe</wmdscl:processingMethod>
              <wmdscl:aggregationPeriod>24 Stunden</wmdscl:aggregationPeriod>
              <wmdscl:referenceTime>undefined</wmdscl:referenceTime>
              <wmdscl:referenceDate>undefined</wmdscl:referenceDate>
            </wmdscl:dataProcessingAndReportingInfo>
            <wmdscl:dataProcessingAndReportingInfo>
              <dwdcdc:mezaId>432300242446</dwdcdc:mezaId>
              <dwdcdc:mezaDescription>RS_IND :NIEDERSCHLAG_GEFALLEN_IND</dwdcdc:mezaDescription>
              <gocl:modDTFrom>2004-06-01T00:00:00.000000</gocl:modDTFrom>
              <gocl:modDTUntil>2019-06-26T12:00:00.000000</gocl:modDTUntil>
              <wmdscl:processingMethod>Instantan:Instantan oder Messwert für den das Zeitintervall nicht weiter aufgelöst werden kann</wmdscl:processingMethod>
              <wmdscl:aggregationPeriod>1 Stunde</wmdscl:aggregationPeriod>
              <wmdscl:referenceTime>undefined</wmdscl:referenceTime>
              <wmdscl:referenceDate>undefined</wmdscl:referenceDate>
            </wmdscl:dataProcessingAndReportingInfo>
            <wmdscl:dataProcessingAndReportingInfo>
              <dwdcdc:mezaId>327800546667</dwdcdc:mezaId>
              <dwdcdc:mezaDescription>JA_N :BEDECKUNGSGRAD</dwdcdc:mezaDescription>
              <gocl:modDTFrom>1991-01-01T00:00:00.000000</gocl:modDTFrom>
              <gocl:modDTUntil>2011-01-01T00:00:00.000000</gocl:modDTUntil>
              <wmdscl:processingMethod>Mittelwert</wmdscl:processingMethod>
              <wmdscl:aggregationPeriod>1 Jahr</wmdscl:aggregationPeriod>
              <wmdscl:referenceTime>undefined</wmdscl:referenceTime>
              <wmdscl:referenceDate>undefined</wmdscl:referenceDate>
            </wmdscl:dataProcessingAndReportingInfo>
            <wmdscl:dataProcessingAndReportingInfo>
              <dwdcdc:mezaId>432300304206</dwdcdc:mezaId>
              <dwdcdc:mezaDescription>MO_EBM :ERDBODENMINIMUM</dwdcdc:mezaDescription>
              <gocl:modDTFrom>1990-07-01T00:00:00.000000</gocl:modDTFrom>
              <gocl:modDTUntil>2019-05-01T00:00:00.000000</gocl:modDTUntil>
              <wmdscl:processingMethod>Mittelwert</wmdscl:processingMethod>
              <wmdscl:aggregationPeriod>1 Monat</wmdscl:aggregationPeriod>
              <wmdscl:referenceTime>undefined</wmdscl:referenceTime>
              <wmdscl:referenceDate>undefined</wmdscl:referenceDate>
            </wmdscl:dataProcessingAndReportingInfo>
            <wmdscl:dataProcessingAndReportingInfo>
              <dwdcdc:mezaId>432300644814</dwdcdc:mezaId>
              <dwdcdc:mezaDescription>JA_TN :LUFTTEMPERATUR_MINIMUM</dwdcdc:mezaDescription>
              <gocl:modDTFrom>1991-01-01T00:00:00.000000</gocl:modDTFrom>
              <gocl:modDTUntil>2018-01-01T00:00:00.000000</gocl:modDTUntil>
              <wmdscl:processingMethod>Mittelwert</wmdscl:processingMethod>
              <wmdscl:aggregationPeriod>1 Jahr</wmdscl:aggregationPeriod>
              <wmdscl:referenceTime>undefined</wmdscl:referenceTime>
              <wmdscl:referenceDate>undefined</wmdscl:referenceDate>
            </wmdscl:dataProcessingAndReportingInfo>
            <wmdscl:dataProcessingAndReportingInfo>
              <dwdcdc:mezaId>432300659790</dwdcdc:mezaId>
              <dwdcdc:mezaDescription>TGK :LUFTTEMP_AM_ERDB_MINIMUM</dwdcdc:mezaDescription>
              <gocl:modDTFrom>1990-07-01T00:00:00.000000</gocl:modDTFrom>
              <gocl:modDTUntil>2019-06-25T00:00:00.000000</gocl:modDTUntil>
              <wmdscl:processingMethod>Minimum</wmdscl:processingMethod>
              <wmdscl:aggregationPeriod>1 Tag</wmdscl:aggregationPeriod>
              <wmdscl:referenceTime>undefined</wmdscl:referenceTime>
              <wmdscl:referenceDate>undefined</wmdscl:referenceDate>
            </wmdscl:dataProcessingAndReportingInfo>
            <wmdscl:dataProcessingAndReportingInfo>
              <dwdcdc:mezaId>432300758350</dwdcdc:mezaId>
              <dwdcdc:mezaDescription>MO_NSH :NEUSCHNEEHOEHE</dwdcdc:mezaDescription>
              <gocl:modDTFrom>1990-07-01T00:00:00.000000</gocl:modDTFrom>
              <gocl:modDTUntil>2020-04-01T00:00:00.000000</gocl:modDTUntil>
              <wmdscl:processingMethod>Summe</wmdscl:processingMethod>
              <wmdscl:aggregationPeriod>1 Monat</wmdscl:aggregationPeriod>
              <wmdscl:referenceTime>undefined</wmdscl:referenceTime>
              <wmdscl:referenceDate>undefined</wmdscl:referenceDate>
            </wmdscl:dataProcessingAndReportingInfo>
            <wmdscl:dataProcessingAndReportingInfo>
              <dwdcdc:mezaId>432300820110</dwdcdc:mezaId>
              <dwdcdc:mezaDescription>JA_TX :LUFTTEMPERATUR_MAXIMUM</dwdcdc:mezaDescription>
              <gocl:modDTFrom>1991-01-01T00:00:00.000000</gocl:modDTFrom>
              <gocl:modDTUntil>2018-01-01T00:00:00.000000</gocl:modDTUntil>
              <wmdscl:processingMethod>Mittelwert</wmdscl:processingMethod>
              <wmdscl:aggregationPeriod>1 Jahr</wmdscl:aggregationPeriod>
              <wmdscl:referenceTime>undefined</wmdscl:referenceTime>
              <wmdscl:referenceDate>undefined</wmdscl:referenceDate>
            </wmdscl:dataProcessingAndReportingInfo>
            <wmdscl:dataProcessingAndReportingInfo>
              <dwdcdc:mezaId>432300639822</dwdcdc:mezaId>
              <dwdcdc:mezaDescription>MO_N :BEDECKUNGSGRAD</dwdcdc:mezaDescription>
              <gocl:modDTFrom>1990-07-01T00:00:00.000000</gocl:modDTFrom>
              <gocl:modDTUntil>2011-12-01T00:00:00.000000</gocl:modDTUntil>
              <wmdscl:processingMethod>Mittelwert</wmdscl:processingMethod>
              <wmdscl:aggregationPeriod>1 Monat</wmdscl:aggregationPeriod>
              <wmdscl:referenceTime>undefined</wmdscl:referenceTime>
              <wmdscl:referenceDate>undefined</wmdscl:referenceDate>
            </wmdscl:dataProcessingAndReportingInfo>
            <wmdscl:dataProcessingAndReportingInfo>
              <dwdcdc:mezaId>432300072142</dwdcdc:mezaId>
              <dwdcdc:mezaDescription>WRTR :NIEDERSCHLAGSFORM</dwdcdc:mezaDescription>
              <gocl:modDTFrom>2004-06-01T01:00:00.000000</gocl:modDTFrom>
              <gocl:modDTUntil>2012-01-10T02:00:00.000000</gocl:modDTUntil>
              <wmdscl:processingMethod>Instantan:Instantan oder Messwert für den das Zeitintervall nicht weiter aufgelöst werden kann</wmdscl:processingMethod>
              <wmdscl:aggregationPeriod>1 Stunde</wmdscl:aggregationPeriod>
              <wmdscl:referenceTime>undefined</wmdscl:referenceTime>
              <wmdscl:referenceDate>undefined</wmdscl:referenceDate>
            </wmdscl:dataProcessingAndReportingInfo>
            <wmdscl:dataProcessingAndReportingInfo>
              <dwdcdc:mezaId>432300583054</dwdcdc:mezaId>
              <dwdcdc:mezaDescription>JA_VPM :DAMPFDRUCK</dwdcdc:mezaDescription>
              <gocl:modDTFrom>1991-01-01T00:00:00.000000</gocl:modDTFrom>
              <gocl:modDTUntil>2017-01-01T00:00:00.000000</gocl:modDTUntil>
              <wmdscl:processingMethod>Mittelwert</wmdscl:processingMethod>
              <wmdscl:aggregationPeriod>1 Jahr</wmdscl:aggregationPeriod>
              <wmdscl:referenceTime>undefined</wmdscl:referenceTime>
              <wmdscl:referenceDate>undefined</wmdscl:referenceDate>
            </wmdscl:dataProcessingAndReportingInfo>
            <wmdscl:dataProcessingAndReportingInfo>
              <dwdcdc:mezaId>432300321038</dwdcdc:mezaId>
              <dwdcdc:mezaDescription>MO_NSHK :NEUSCHNEEHOEHE</dwdcdc:mezaDescription>
              <gocl:modDTFrom>1990-07-01T00:00:00.000000</gocl:modDTFrom>
              <gocl:modDTUntil>2020-04-01T00:00:00.000000</gocl:modDTUntil>
              <wmdscl:processingMethod>Summe</wmdscl:processingMethod>
              <wmdscl:aggregationPeriod>1 Monat</wmdscl:aggregationPeriod>
              <wmdscl:referenceTime>undefined</wmdscl:referenceTime>
              <wmdscl:referenceDate>undefined</wmdscl:referenceDate>
            </wmdscl:dataProcessingAndReportingInfo>
            <wmdscl:dataProcessingAndReportingInfo>
              <dwdcdc:mezaId>432300526286</dwdcdc:mezaId>
              <dwdcdc:mezaDescription>JA_EBM :ERDBODENMINIMUM</dwdcdc:mezaDescription>
              <gocl:modDTFrom>1992-01-01T00:00:00.000000</gocl:modDTFrom>
              <gocl:modDTUntil>2018-01-01T00:00:00.000000</gocl:modDTUntil>
              <wmdscl:processingMethod>Mittelwert</wmdscl:processingMethod>
              <wmdscl:aggregationPeriod>1 Jahr</wmdscl:aggregationPeriod>
              <wmdscl:referenceTime>undefined</wmdscl:referenceTime>
              <wmdscl:referenceDate>undefined</wmdscl:referenceDate>
            </wmdscl:dataProcessingAndReportingInfo>
            <wmdscl:dataProcessingAndReportingInfo>
              <dwdcdc:mezaId>432300866894</dwdcdc:mezaId>
              <dwdcdc:mezaDescription>MO_TN :LUFTTEMPERATUR_MINIMUM</dwdcdc:mezaDescription>
              <gocl:modDTFrom>1990-07-01T00:00:00.000000</gocl:modDTFrom>
              <gocl:modDTUntil>2019-05-01T00:00:00.000000</gocl:modDTUntil>
              <wmdscl:processingMethod>Mittelwert</wmdscl:processingMethod>
              <wmdscl:aggregationPeriod>1 Monat</wmdscl:aggregationPeriod>
              <wmdscl:referenceTime>undefined</wmdscl:referenceTime>
              <wmdscl:referenceDate>undefined</wmdscl:referenceDate>
            </wmdscl:dataProcessingAndReportingInfo>
            <wmdscl:dataProcessingAndReportingInfo>
              <dwdcdc:mezaId>432300412750</dwdcdc:mezaId>
              <dwdcdc:mezaDescription>VPM :DAMPFDRUCK</dwdcdc:mezaDescription>
              <gocl:modDTFrom>1990-07-01T00:00:00.000000</gocl:modDTFrom>
              <gocl:modDTUntil>2019-06-25T00:00:00.000000</gocl:modDTUntil>
              <wmdscl:processingMethod>Mittelwert</wmdscl:processingMethod>
              <wmdscl:aggregationPeriod>1 Tag</wmdscl:aggregationPeriod>
              <wmdscl:referenceTime>undefined</wmdscl:referenceTime>
              <wmdscl:referenceDate>undefined</wmdscl:referenceDate>
            </wmdscl:dataProcessingAndReportingInfo>
            <wmdscl:dataProcessingAndReportingInfo>
              <dwdcdc:mezaId>432300135758</dwdcdc:mezaId>
              <dwdcdc:mezaDescription>TE10 :ERDBODENTEMPERATUR</dwdcdc:mezaDescription>
              <gocl:modDTFrom>1990-07-17T07:00:00.000000</gocl:modDTFrom>
              <gocl:modDTUntil>2019-06-26T07:00:00.000000</gocl:modDTUntil>
              <wmdscl:processingMethod>Instantan:Instantan oder Messwert für den das Zeitintervall nicht weiter aufgelöst werden kann</wmdscl:processingMethod>
              <wmdscl:aggregationPeriod>1 Stunde</wmdscl:aggregationPeriod>
              <wmdscl:referenceTime>undefined</wmdscl:referenceTime>
              <wmdscl:referenceDate>undefined</wmdscl:referenceDate>
            </wmdscl:dataProcessingAndReportingInfo>
          </wmdscl:dataProcessingAndReporting>
        </wmdscl:observedVariableInfo>
        <wmdscl:observedVariableInfo>Feuchte<gocl:instrument>
            <gocl:instrumentInfo>
              <gocl:instrumentModel>EE33</gocl:instrumentModel>
              <gocl:observingMethod>Feuchtemessung, elektr.</gocl:observingMethod>
              <gocl:distanceFromReferenceSurface>2</gocl:distanceFromReferenceSurface>
              <gocl:modDTFrom>2019-06-27T00:00:00</gocl:modDTFrom>
              <gocl:modDTUntil>...</gocl:modDTUntil>
            </gocl:instrumentInfo>
            <gocl:instrumentInfo>
              <gocl:instrumentModel>Feuchtesonde HMP45D</gocl:instrumentModel>
              <gocl:observingMethod>Feuchtemessung, elektr.</gocl:observingMethod>
              <gocl:distanceFromReferenceSurface>2</gocl:distanceFromReferenceSurface>
              <gocl:modDTFrom>2017-11-21T00:00:00</gocl:modDTFrom>
              <gocl:modDTUntil>2019-06-26T00:00:00</gocl:modDTUntil>
            </gocl:instrumentInfo>
            <gocl:instrumentInfo>
              <gocl:instrumentModel>Feuchtesonde HMP45D</gocl:instrumentModel>
              <gocl:observingMethod>Feuchtemessung, elektr.</gocl:observingMethod>
              <gocl:distanceFromReferenceSurface>2</gocl:distanceFromReferenceSurface>
              <gocl:modDTFrom>2016-05-25T00:00:00</gocl:modDTFrom>
              <gocl:modDTUntil>2017-11-20T00:00:00</gocl:modDTUntil>
            </gocl:instrumentInfo>
            <gocl:instrumentInfo>
              <gocl:instrumentModel>Feuchtesonde HMP45D</gocl:instrumentModel>
              <gocl:observingMethod>Feuchtemessung, elektr.</gocl:observingMethod>
              <gocl:distanceFromReferenceSurface>2</gocl:distanceFromReferenceSurface>
              <gocl:modDTFrom>2015-01-08T00:00:00</gocl:modDTFrom>
              <gocl:modDTUntil>2016-05-24T00:00:00</gocl:modDTUntil>
            </gocl:instrumentInfo>
            <gocl:instrumentInfo>
              <gocl:instrumentModel>Feuchtesonde HMP45D</gocl:instrumentModel>
              <gocl:observingMethod>Feuchtemessung, elektr.</gocl:observingMethod>
              <gocl:distanceFromReferenceSurface>2</gocl:distanceFromReferenceSurface>
              <gocl:modDTFrom>2013-09-12T00:00:00</gocl:modDTFrom>
              <gocl:modDTUntil>2015-01-07T00:00:00</gocl:modDTUntil>
            </gocl:instrumentInfo>
            <gocl:instrumentInfo>
              <gocl:instrumentModel>Feuchtesonde HMP45D</gocl:instrumentModel>
              <gocl:observingMethod>Feuchtemessung, elektr.</gocl:observingMethod>
              <gocl:distanceFromReferenceSurface>2</gocl:distanceFromReferenceSurface>
              <gocl:modDTFrom>2012-05-08T00:00:00</gocl:modDTFrom>
              <gocl:modDTUntil>2013-09-11T00:00:00</gocl:modDTUntil>
            </gocl:instrumentInfo>
            <gocl:instrumentInfo>
              <gocl:instrumentModel>Feuchtesonde HMP45D</gocl:instrumentModel>
              <gocl:observingMethod>Feuchtemessung, elektr.</gocl:observingMethod>
              <gocl:distanceFromReferenceSurface>2</gocl:distanceFromReferenceSurface>
              <gocl:modDTFrom>2009-04-29T00:00:00</gocl:modDTFrom>
              <gocl:modDTUntil>2012-05-07T00:00:00</gocl:modDTUntil>
            </gocl:instrumentInfo>
            <gocl:instrumentInfo>
              <gocl:instrumentModel>Feuchtesonde HMP45D</gocl:instrumentModel>
              <gocl:observingMethod>Feuchtemessung, elektr.</gocl:observingMethod>
              <gocl:distanceFromReferenceSurface>2</gocl:distanceFromReferenceSurface>
              <gocl:modDTFrom>2007-11-21T00:00:00</gocl:modDTFrom>
              <gocl:modDTUntil>2009-04-28T00:00:00</gocl:modDTUntil>
            </gocl:instrumentInfo>
            <gocl:instrumentInfo>
              <gocl:instrumentModel>Feuchtesonde HMP45D</gocl:instrumentModel>
              <gocl:observingMethod>Feuchtemessung, elektr.</gocl:observingMethod>
              <gocl:distanceFromReferenceSurface>2</gocl:distanceFromReferenceSurface>
              <gocl:modDTFrom>2006-08-08T00:00:00</gocl:modDTFrom>
              <gocl:modDTUntil>2007-11-20T00:00:00</gocl:modDTUntil>
            </gocl:instrumentInfo>
            <gocl:instrumentInfo>
              <gocl:instrumentModel>Feuchtesonde HMP45D</gocl:instrumentModel>
              <gocl:observingMethod>Feuchtemessung, elektr.</gocl:observingMethod>
              <gocl:distanceFromReferenceSurface>2</gocl:distanceFromReferenceSurface>
              <gocl:modDTFrom>2004-06-01T00:00:00</gocl:modDTFrom>
              <gocl:modDTUntil>2006-08-07T00:00:00</gocl:modDTUntil>
            </gocl:instrumentInfo>
          </gocl:instrument>
          <wmdscl:dataProcessingAndReporting>
            <wmdscl:dataProcessingAndReportingInfo>
              <dwdcdc:mezaId>432300402766</dwdcdc:mezaId>
              <dwdcdc:mezaDescription>UR :REL_FEUCHTE_REGISTRIERUNG</dwdcdc:mezaDescription>
              <gocl:modDTFrom>2014-09-15T12:00:00.000000</gocl:modDTFrom>
              <gocl:modDTUntil>2019-06-26T07:00:00.000000</gocl:modDTUntil>
              <wmdscl:processingMethod>Instantan:Instantan oder Messwert für den das Zeitintervall nicht weiter aufgelöst werden kann</wmdscl:processingMethod>
              <wmdscl:aggregationPeriod>1 Stunde</wmdscl:aggregationPeriod>
              <wmdscl:referenceTime>undefined</wmdscl:referenceTime>
              <wmdscl:referenceDate>undefined</wmdscl:referenceDate>
            </wmdscl:dataProcessingAndReportingInfo>
            <wmdscl:dataProcessingAndReportingInfo>
              <dwdcdc:mezaId>432300696590</dwdcdc:mezaId>
              <dwdcdc:mezaDescription>UU :REL_FEUCHTE</dwdcdc:mezaDescription>
              <gocl:modDTFrom>2004-06-01T00:00:00.000000</gocl:modDTFrom>
              <gocl:modDTUntil>2019-06-26T07:00:00.000000</gocl:modDTUntil>
              <wmdscl:processingMethod>Instantan:Instantan oder Messwert für den das Zeitintervall nicht weiter aufgelöst werden kann</wmdscl:processingMethod>
              <wmdscl:aggregationPeriod>1 Stunde</wmdscl:aggregationPeriod>
              <wmdscl:referenceTime>undefined</wmdscl:referenceTime>
              <wmdscl:referenceDate>undefined</wmdscl:referenceDate>
            </wmdscl:dataProcessingAndReportingInfo>
            <wmdscl:dataProcessingAndReportingInfo>
              <dwdcdc:mezaId>432300118926</dwdcdc:mezaId>
              <dwdcdc:mezaDescription>UPM :REL_FEUCHTE</dwdcdc:mezaDescription>
              <gocl:modDTFrom>1990-07-01T00:00:00.000000</gocl:modDTFrom>
              <gocl:modDTUntil>2019-06-25T00:00:00.000000</gocl:modDTUntil>
              <wmdscl:processingMethod>Mittelwert</wmdscl:processingMethod>
              <wmdscl:aggregationPeriod>1 Tag</wmdscl:aggregationPeriod>
              <wmdscl:referenceTime>undefined</wmdscl:referenceTime>
              <wmdscl:referenceDate>undefined</wmdscl:referenceDate>
            </wmdscl:dataProcessingAndReportingInfo>
            <wmdscl:dataProcessingAndReportingInfo>
              <dwdcdc:mezaId>432300160718</dwdcdc:mezaId>
              <dwdcdc:mezaDescription>RF_TU :REL_FEUCHTE</dwdcdc:mezaDescription>
              <gocl:modDTFrom>2004-06-01T00:00:00.000000</gocl:modDTFrom>
              <gocl:modDTUntil>2019-06-26T07:00:00.000000</gocl:modDTUntil>
              <wmdscl:processingMethod>Instantan:Instantan oder Messwert für den das Zeitintervall nicht weiter aufgelöst werden kann</wmdscl:processingMethod>
              <wmdscl:aggregationPeriod>1 Stunde</wmdscl:aggregationPeriod>
              <wmdscl:referenceTime>undefined</wmdscl:referenceTime>
              <wmdscl:referenceDate>undefined</wmdscl:referenceDate>
            </wmdscl:dataProcessingAndReportingInfo>
            <wmdscl:dataProcessingAndReportingInfo>
              <dwdcdc:mezaId>432300165710</dwdcdc:mezaId>
              <dwdcdc:mezaDescription>TD :TAUPUNKTTEMPERATUR</dwdcdc:mezaDescription>
              <gocl:modDTFrom>2004-06-01T00:00:00.000000</gocl:modDTFrom>
              <gocl:modDTUntil>2019-06-26T07:00:00.000000</gocl:modDTUntil>
              <wmdscl:processingMethod>Mittelwert</wmdscl:processingMethod>
              <wmdscl:aggregationPeriod>1 Stunde</wmdscl:aggregationPeriod>
              <wmdscl:referenceTime>undefined</wmdscl:referenceTime>
              <wmdscl:referenceDate>undefined</wmdscl:referenceDate>
            </wmdscl:dataProcessingAndReportingInfo>
            <wmdscl:dataProcessingAndReportingInfo>
              <dwdcdc:mezaId>432300933646</dwdcdc:mezaId>
              <dwdcdc:mezaDescription>MO_RF :REL_FEUCHTE</dwdcdc:mezaDescription>
              <gocl:modDTFrom>1990-07-01T00:00:00.000000</gocl:modDTFrom>
              <gocl:modDTUntil>2019-05-01T00:00:00.000000</gocl:modDTUntil>
              <wmdscl:processingMethod>Mittelwert</wmdscl:processingMethod>
              <wmdscl:aggregationPeriod>1 Monat</wmdscl:aggregationPeriod>
              <wmdscl:referenceTime>undefined</wmdscl:referenceTime>
              <wmdscl:referenceDate>undefined</wmdscl:referenceDate>
            </wmdscl:dataProcessingAndReportingInfo>
            <wmdscl:dataProcessingAndReportingInfo>
              <dwdcdc:mezaId>432300701582</dwdcdc:mezaId>
              <dwdcdc:mezaDescription>JA_RF :REL_FEUCHTE</dwdcdc:mezaDescription>
              <gocl:modDTFrom>1991-01-01T00:00:00.000000</gocl:modDTFrom>
              <gocl:modDTUntil>2017-01-01T00:00:00.000000</gocl:modDTUntil>
              <wmdscl:processingMethod>Mittelwert</wmdscl:processingMethod>
              <wmdscl:aggregationPeriod>1 Jahr</wmdscl:aggregationPeriod>
              <wmdscl:referenceTime>undefined</wmdscl:referenceTime>
              <wmdscl:referenceDate>undefined</wmdscl:referenceDate>
            </wmdscl:dataProcessingAndReportingInfo>
          </wmdscl:dataProcessingAndReporting>
        </wmdscl:observedVariableInfo>
        <wmdscl:observedVariableInfo>Niederschlag<gocl:instrument>
            <gocl:instrumentInfo>
              <gocl:instrumentModel>rain[e]H3</gocl:instrumentModel>
              <gocl:observingMethod>Niederschlagsmenge, elektr.</gocl:observingMethod>
              <gocl:distanceFromReferenceSurface>1</gocl:distanceFromReferenceSurface>
              <gocl:modDTFrom>2019-06-27T00:00:00</gocl:modDTFrom>
              <gocl:modDTUntil>...</gocl:modDTUntil>
            </gocl:instrumentInfo>
            <gocl:instrumentInfo>
              <gocl:instrumentModel>PLUVIO</gocl:instrumentModel>
              <gocl:observingMethod>Niederschlagsmenge, elektr.</gocl:observingMethod>
              <gocl:distanceFromReferenceSurface>1</gocl:distanceFromReferenceSurface>
              <gocl:modDTFrom>2017-05-19T00:00:00</gocl:modDTFrom>
              <gocl:modDTUntil>2019-06-26T00:00:00</gocl:modDTUntil>
            </gocl:instrumentInfo>
            <gocl:instrumentInfo>
              <gocl:instrumentModel>PLUVIO</gocl:instrumentModel>
              <gocl:observingMethod>Niederschlagsmenge, elektr.</gocl:observingMethod>
              <gocl:distanceFromReferenceSurface>1</gocl:distanceFromReferenceSurface>
              <gocl:modDTFrom>2012-10-17T00:00:00</gocl:modDTFrom>
              <gocl:modDTUntil>2017-05-18T00:00:00</gocl:modDTUntil>
            </gocl:instrumentInfo>
            <gocl:instrumentInfo>
              <gocl:instrumentModel>PLUVIO</gocl:instrumentModel>
              <gocl:observingMethod>Niederschlagsmenge, elektr.</gocl:observingMethod>
              <gocl:distanceFromReferenceSurface>1</gocl:distanceFromReferenceSurface>
              <gocl:modDTFrom>2008-10-22T00:00:00</gocl:modDTFrom>
              <gocl:modDTUntil>2012-10-16T00:00:00</gocl:modDTUntil>
            </gocl:instrumentInfo>
            <gocl:instrumentInfo>
              <gocl:instrumentModel>PLUVIO</gocl:instrumentModel>
              <gocl:observingMethod>Niederschlagsmenge, elektr.</gocl:observingMethod>
              <gocl:distanceFromReferenceSurface>1</gocl:distanceFromReferenceSurface>
              <gocl:modDTFrom>2007-11-21T00:00:00</gocl:modDTFrom>
              <gocl:modDTUntil>2008-10-21T00:00:00</gocl:modDTUntil>
            </gocl:instrumentInfo>
            <gocl:instrumentInfo>
              <gocl:instrumentModel>PLUVIO</gocl:instrumentModel>
              <gocl:observingMethod>Niederschlagsmenge, elektr.</gocl:observingMethod>
              <gocl:distanceFromReferenceSurface>1</gocl:distanceFromReferenceSurface>
              <gocl:modDTFrom>2004-06-01T00:00:00</gocl:modDTFrom>
              <gocl:modDTUntil>2007-11-20T00:00:00</gocl:modDTUntil>
            </gocl:instrumentInfo>
            <gocl:instrumentInfo>
              <gocl:instrumentModel>Hellmann</gocl:instrumentModel>
              <gocl:observingMethod>Niederschlagsmenge, konv.</gocl:observingMethod>
              <gocl:distanceFromReferenceSurface>1</gocl:distanceFromReferenceSurface>
              <gocl:modDTFrom>1990-07-01T00:00:00</gocl:modDTFrom>
              <gocl:modDTUntil>2004-05-31T00:00:00</gocl:modDTUntil>
            </gocl:instrumentInfo>
            <gocl:instrumentInfo>
              <gocl:instrumentModel>Schneepegel</gocl:instrumentModel>
              <gocl:observingMethod>Schneehöhenmessung, manuell</gocl:observingMethod>
              <gocl:modDTFrom>1990-10-01T00:00:00</gocl:modDTFrom>
              <gocl:modDTUntil>...</gocl:modDTUntil>
            </gocl:instrumentInfo>
            <gocl:instrumentInfo>
              <gocl:instrumentModel>Schneesonde WS 43</gocl:instrumentModel>
              <gocl:observingMethod>Wasseräquivalentmessung, manuell</gocl:observingMethod>
              <gocl:modDTFrom>2006-09-01T00:00:00</gocl:modDTFrom>
              <gocl:modDTUntil>...</gocl:modDTUntil>
            </gocl:instrumentInfo>
          </gocl:instrument>
          <wmdscl:dataProcessingAndReporting>
            <wmdscl:dataProcessingAndReportingInfo>
              <dwdcdc:mezaId>432300365966</dwdcdc:mezaId>
              <dwdcdc:mezaDescription>R1 :NIEDERSCHLAGSHOEHE</dwdcdc:mezaDescription>
              <gocl:modDTFrom>2004-06-01T00:00:00.000000</gocl:modDTFrom>
              <gocl:modDTUntil>2019-06-26T12:00:00.000000</gocl:modDTUntil>
              <wmdscl:processingMethod>Summe</wmdscl:processingMethod>
              <wmdscl:aggregationPeriod>1 Stunde</wmdscl:aggregationPeriod>
              <wmdscl:referenceTime>undefined</wmdscl:referenceTime>
              <wmdscl:referenceDate>undefined</wmdscl:referenceDate>
            </wmdscl:dataProcessingAndReportingInfo>
            <wmdscl:dataProcessingAndReportingInfo>
              <dwdcdc:mezaId>432300207502</dwdcdc:mezaId>
              <dwdcdc:mezaDescription>RS :NIEDERSCHLAGSHOEHE</dwdcdc:mezaDescription>
              <gocl:modDTFrom>1990-07-01T00:00:00.000000</gocl:modDTFrom>
              <gocl:modDTUntil>2019-06-30T00:00:00.000000</gocl:modDTUntil>
              <wmdscl:processingMethod>Summe</wmdscl:processingMethod>
              <wmdscl:aggregationPeriod>1 Tag</wmdscl:aggregationPeriod>
              <wmdscl:referenceTime>undefined</wmdscl:referenceTime>
              <wmdscl:referenceDate>undefined</wmdscl:referenceDate>
            </wmdscl:dataProcessingAndReportingInfo>
            <wmdscl:dataProcessingAndReportingInfo>
              <dwdcdc:mezaId>432300666638</dwdcdc:mezaId>
              <dwdcdc:mezaDescription>JA_RR :NIEDERSCHLAGSHOEHE</dwdcdc:mezaDescription>
              <gocl:modDTFrom>1991-01-01T00:00:00.000000</gocl:modDTFrom>
              <gocl:modDTUntil>2018-01-01T00:00:00.000000</gocl:modDTUntil>
              <wmdscl:processingMethod>Summe</wmdscl:processingMethod>
              <wmdscl:aggregationPeriod>1 Jahr</wmdscl:aggregationPeriod>
              <wmdscl:referenceTime>undefined</wmdscl:referenceTime>
              <wmdscl:referenceDate>undefined</wmdscl:referenceDate>
            </wmdscl:dataProcessingAndReportingInfo>
            <wmdscl:dataProcessingAndReportingInfo>
              <dwdcdc:mezaId>432300372814</dwdcdc:mezaId>
              <dwdcdc:mezaDescription>JA_SH_S :SCHNEEHOEHE</dwdcdc:mezaDescription>
              <gocl:modDTFrom>1991-01-01T00:00:00.000000</gocl:modDTFrom>
              <gocl:modDTUntil>2011-01-01T00:00:00.000000</gocl:modDTUntil>
              <wmdscl:processingMethod>Summe</wmdscl:processingMethod>
              <wmdscl:aggregationPeriod>1 Jahr</wmdscl:aggregationPeriod>
              <wmdscl:referenceTime>undefined</wmdscl:referenceTime>
              <wmdscl:referenceDate>undefined</wmdscl:referenceDate>
            </wmdscl:dataProcessingAndReportingInfo>
            <wmdscl:dataProcessingAndReportingInfo>
              <dwdcdc:mezaId>432300614862</dwdcdc:mezaId>
              <dwdcdc:mezaDescription>MO_SHK :SCHNEEHOEHE</dwdcdc:mezaDescription>
              <gocl:modDTFrom>1990-07-01T00:00:00.000000</gocl:modDTFrom>
              <gocl:modDTUntil>2020-04-01T00:00:00.000000</gocl:modDTUntil>
              <wmdscl:processingMethod>Summe</wmdscl:processingMethod>
              <wmdscl:aggregationPeriod>1 Monat</wmdscl:aggregationPeriod>
              <wmdscl:referenceTime>undefined</wmdscl:referenceTime>
              <wmdscl:referenceDate>undefined</wmdscl:referenceDate>
            </wmdscl:dataProcessingAndReportingInfo>
            <wmdscl:dataProcessingAndReportingInfo>
              <dwdcdc:mezaId>432300876878</dwdcdc:mezaId>
              <dwdcdc:mezaDescription>MO_SH_S :SCHNEEHOEHE</dwdcdc:mezaDescription>
              <gocl:modDTFrom>1990-07-01T00:00:00.000000</gocl:modDTFrom>
              <gocl:modDTUntil>2020-04-01T00:00:00.000000</gocl:modDTUntil>
              <wmdscl:processingMethod>Summe</wmdscl:processingMethod>
              <wmdscl:aggregationPeriod>1 Monat</wmdscl:aggregationPeriod>
              <wmdscl:referenceTime>undefined</wmdscl:referenceTime>
              <wmdscl:referenceDate>undefined</wmdscl:referenceDate>
            </wmdscl:dataProcessingAndReportingInfo>
            <wmdscl:dataProcessingAndReportingInfo>
              <dwdcdc:mezaId>432300284238</dwdcdc:mezaId>
              <dwdcdc:mezaDescription>SH :SCHNEEHOEHE</dwdcdc:mezaDescription>
              <gocl:modDTFrom>2004-11-19T06:00:00.000000</gocl:modDTFrom>
              <gocl:modDTUntil>2020-04-30T06:00:00.000000</gocl:modDTUntil>
              <wmdscl:processingMethod>Instantan:Instantan oder Messwert für den das Zeitintervall nicht weiter aufgelöst werden kann</wmdscl:processingMethod>
              <wmdscl:aggregationPeriod>1 Stunde</wmdscl:aggregationPeriod>
              <wmdscl:referenceTime>undefined</wmdscl:referenceTime>
              <wmdscl:referenceDate>undefined</wmdscl:referenceDate>
            </wmdscl:dataProcessingAndReportingInfo>
            <wmdscl:dataProcessingAndReportingInfo>
              <dwdcdc:mezaId>432300190670</dwdcdc:mezaId>
              <dwdcdc:mezaDescription>RSK :NIEDERSCHLAGSHOEHE</dwdcdc:mezaDescription>
              <gocl:modDTFrom>1990-07-01T00:00:00.000000</gocl:modDTFrom>
              <gocl:modDTUntil>2019-06-25T00:00:00.000000</gocl:modDTUntil>
              <wmdscl:processingMethod>Summe</wmdscl:processingMethod>
              <wmdscl:aggregationPeriod>1 Tag</wmdscl:aggregationPeriod>
              <wmdscl:referenceTime>undefined</wmdscl:referenceTime>
              <wmdscl:referenceDate>undefined</wmdscl:referenceDate>
            </wmdscl:dataProcessingAndReportingInfo>
            <wmdscl:dataProcessingAndReportingInfo>
              <dwdcdc:mezaId>432300603022</dwdcdc:mezaId>
              <dwdcdc:mezaDescription>SHK_TAG :SCHNEEHOEHE</dwdcdc:mezaDescription>
              <gocl:modDTFrom>1990-07-01T07:00:00.000000</gocl:modDTFrom>
              <gocl:modDTUntil>2020-04-30T06:00:00.000000</gocl:modDTUntil>
              <wmdscl:processingMethod>Instantan:Instantan oder Messwert für den das Zeitintervall nicht weiter aufgelöst werden kann</wmdscl:processingMethod>
              <wmdscl:aggregationPeriod>1 Tag</wmdscl:aggregationPeriod>
              <wmdscl:referenceTime>undefined</wmdscl:referenceTime>
              <wmdscl:referenceDate>undefined</wmdscl:referenceDate>
            </wmdscl:dataProcessingAndReportingInfo>
            <wmdscl:dataProcessingAndReportingInfo>
              <dwdcdc:mezaId>2054131943</dwdcdc:mezaId>
              <dwdcdc:mezaDescription>ASH :HOEHE_AUSGESTOCHENER_SCHNEE</dwdcdc:mezaDescription>
              <gocl:modDTFrom>2008-03-26T06:00:00.000000</gocl:modDTFrom>
              <gocl:modDTUntil>2018-01-23T06:00:00.000000</gocl:modDTUntil>
              <wmdscl:processingMethod>Instantan:Instantan oder Messwert für den das Zeitintervall nicht weiter aufgelöst werden kann</wmdscl:processingMethod>
              <wmdscl:aggregationPeriod>1 Tag</wmdscl:aggregationPeriod>
              <wmdscl:referenceTime>undefined</wmdscl:referenceTime>
              <wmdscl:referenceDate>undefined</wmdscl:referenceDate>
            </wmdscl:dataProcessingAndReportingInfo>
            <wmdscl:dataProcessingAndReportingInfo>
              <dwdcdc:mezaId>1880259050</dwdcdc:mezaId>
              <dwdcdc:mezaDescription>WASH :WASSERAEQUIV_GESAMTSCHNEE</dwdcdc:mezaDescription>
              <gocl:modDTFrom>2008-03-26T06:00:00.000000</gocl:modDTFrom>
              <gocl:modDTUntil>2018-01-23T06:00:00.000000</gocl:modDTUntil>
              <wmdscl:processingMethod>Instantan:Instantan oder Messwert für den das Zeitintervall nicht weiter aufgelöst werden kann</wmdscl:processingMethod>
              <wmdscl:aggregationPeriod>1 Tag</wmdscl:aggregationPeriod>
              <wmdscl:referenceTime>undefined</wmdscl:referenceTime>
              <wmdscl:referenceDate>undefined</wmdscl:referenceDate>
            </wmdscl:dataProcessingAndReportingInfo>
            <wmdscl:dataProcessingAndReportingInfo>
              <dwdcdc:mezaId>432300052174</dwdcdc:mezaId>
              <dwdcdc:mezaDescription>MO_SH :SCHNEEHOEHE</dwdcdc:mezaDescription>
              <gocl:modDTFrom>1990-07-01T00:00:00.000000</gocl:modDTFrom>
              <gocl:modDTUntil>2020-04-01T00:00:00.000000</gocl:modDTUntil>
              <wmdscl:processingMethod>Mittelwert</wmdscl:processingMethod>
              <wmdscl:aggregationPeriod>1 Monat</wmdscl:aggregationPeriod>
              <wmdscl:referenceTime>undefined</wmdscl:referenceTime>
              <wmdscl:referenceDate>undefined</wmdscl:referenceDate>
            </wmdscl:dataProcessingAndReportingInfo>
            <wmdscl:dataProcessingAndReportingInfo>
              <dwdcdc:mezaId>432300521294</dwdcdc:mezaId>
              <dwdcdc:mezaDescription>RW :WASSERAEQUIV_PRO_CM</dwdcdc:mezaDescription>
              <gocl:modDTFrom>2008-03-26T06:00:00.000000</gocl:modDTFrom>
              <gocl:modDTUntil>2018-01-23T06:00:00.000000</gocl:modDTUntil>
              <wmdscl:processingMethod>Instantan:Instantan oder Messwert für den das Zeitintervall nicht weiter aufgelöst werden kann</wmdscl:processingMethod>
              <wmdscl:aggregationPeriod>3 Terminwerte, über den Tag verteilt</wmdscl:aggregationPeriod>
              <wmdscl:referenceTime>undefined</wmdscl:referenceTime>
              <wmdscl:referenceDate>undefined</wmdscl:referenceDate>
            </wmdscl:dataProcessingAndReportingInfo>
            <wmdscl:dataProcessingAndReportingInfo>
              <dwdcdc:mezaId>432300345998</dwdcdc:mezaId>
              <dwdcdc:mezaDescription>MO_RR :NIEDERSCHLAGSHOEHE</dwdcdc:mezaDescription>
              <gocl:modDTFrom>1990-07-01T00:00:00.000000</gocl:modDTFrom>
              <gocl:modDTUntil>2019-06-01T00:00:00.000000</gocl:modDTUntil>
              <wmdscl:processingMethod>Summe</wmdscl:processingMethod>
              <wmdscl:aggregationPeriod>1 Monat</wmdscl:aggregationPeriod>
              <wmdscl:referenceTime>undefined</wmdscl:referenceTime>
              <wmdscl:referenceDate>undefined</wmdscl:referenceDate>
            </wmdscl:dataProcessingAndReportingInfo>
            <wmdscl:dataProcessingAndReportingInfo>
              <dwdcdc:mezaId>432300309198</dwdcdc:mezaId>
              <dwdcdc:mezaDescription>SH_TAG :SCHNEEHOEHE</dwdcdc:mezaDescription>
              <gocl:modDTFrom>1990-07-01T07:00:00.000000</gocl:modDTFrom>
              <gocl:modDTUntil>2020-04-30T06:00:00.000000</gocl:modDTUntil>
              <wmdscl:processingMethod>Mittelwert</wmdscl:processingMethod>
              <wmdscl:aggregationPeriod>1 Tag</wmdscl:aggregationPeriod>
              <wmdscl:referenceTime>undefined</wmdscl:referenceTime>
              <wmdscl:referenceDate>undefined</wmdscl:referenceDate>
            </wmdscl:dataProcessingAndReportingInfo>
            <wmdscl:dataProcessingAndReportingInfo>
              <dwdcdc:mezaId>432300995406</dwdcdc:mezaId>
              <dwdcdc:mezaDescription>JA_SH :SCHNEEHOEHE</dwdcdc:mezaDescription>
              <gocl:modDTFrom>1991-01-01T00:00:00.000000</gocl:modDTFrom>
              <gocl:modDTUntil>2011-01-01T00:00:00.000000</gocl:modDTUntil>
              <wmdscl:processingMethod>Mittelwert</wmdscl:processingMethod>
              <wmdscl:aggregationPeriod>1 Jahr</wmdscl:aggregationPeriod>
              <wmdscl:referenceTime>undefined</wmdscl:referenceTime>
              <wmdscl:referenceDate>undefined</wmdscl:referenceDate>
            </wmdscl:dataProcessingAndReportingInfo>
            <wmdscl:dataProcessingAndReportingInfo>
              <dwdcdc:mezaId>94891152</dwdcdc:mezaId>
              <dwdcdc:mezaDescription>WAAS :WASSERAEQUIV_SCHNEE</dwdcdc:mezaDescription>
              <gocl:modDTFrom>2008-03-26T06:00:00.000000</gocl:modDTFrom>
              <gocl:modDTUntil>2018-01-23T06:00:00.000000</gocl:modDTUntil>
              <wmdscl:processingMethod>Instantan:Instantan oder Messwert für den das Zeitintervall nicht weiter aufgelöst werden kann</wmdscl:processingMethod>
              <wmdscl:aggregationPeriod>1 Tag</wmdscl:aggregationPeriod>
              <wmdscl:referenceTime>undefined</wmdscl:referenceTime>
              <wmdscl:referenceDate>undefined</wmdscl:referenceDate>
            </wmdscl:dataProcessingAndReportingInfo>
          </wmdscl:dataProcessingAndReporting>
        </wmdscl:observedVariableInfo>
        <wmdscl:observedVariableInfo>Temperatur (Erdboden)<gocl:instrument>
            <gocl:instrumentInfo>
              <gocl:instrumentModel>PT 100 (Erdboden)</gocl:instrumentModel>
              <gocl:observingMethod>Temperaturmessung, elektr.</gocl:observingMethod>
              <gocl:distanceFromReferenceSurface>-.05</gocl:distanceFromReferenceSurface>
              <gocl:modDTFrom>2004-06-01T00:00:00</gocl:modDTFrom>
              <gocl:modDTUntil>...</gocl:modDTUntil>
            </gocl:instrumentInfo>
            <gocl:instrumentInfo>
              <gocl:instrumentModel>PT 100 (Erdboden)</gocl:instrumentModel>
              <gocl:observingMethod>Temperaturmessung, elektr.</gocl:observingMethod>
              <gocl:distanceFromReferenceSurface>-.2</gocl:distanceFromReferenceSurface>
              <gocl:modDTFrom>2004-06-01T00:00:00</gocl:modDTFrom>
              <gocl:modDTUntil>...</gocl:modDTUntil>
            </gocl:instrumentInfo>
            <gocl:instrumentInfo>
              <gocl:instrumentModel>PT 100 (Erdboden)</gocl:instrumentModel>
              <gocl:observingMethod>Temperaturmessung, elektr.</gocl:observingMethod>
              <gocl:distanceFromReferenceSurface>-.5</gocl:distanceFromReferenceSurface>
              <gocl:modDTFrom>2004-06-01T00:00:00</gocl:modDTFrom>
              <gocl:modDTUntil>...</gocl:modDTUntil>
            </gocl:instrumentInfo>
            <gocl:instrumentInfo>
              <gocl:instrumentModel>PT 100 (Erdboden)</gocl:instrumentModel>
              <gocl:observingMethod>Temperaturmessung, elektr.</gocl:observingMethod>
              <gocl:distanceFromReferenceSurface>-.1</gocl:distanceFromReferenceSurface>
              <gocl:modDTFrom>2004-06-01T00:00:00</gocl:modDTFrom>
              <gocl:modDTUntil>...</gocl:modDTUntil>
            </gocl:instrumentInfo>
            <gocl:instrumentInfo>
              <gocl:instrumentModel>PT 100 (Erdboden)</gocl:instrumentModel>
              <gocl:observingMethod>Temperaturmessung, elektr.</gocl:observingMethod>
              <gocl:distanceFromReferenceSurface>-1</gocl:distanceFromReferenceSurface>
              <gocl:modDTFrom>2004-06-01T00:00:00</gocl:modDTFrom>
              <gocl:modDTUntil>...</gocl:modDTUntil>
            </gocl:instrumentInfo>
            <gocl:instrumentInfo>
              <gocl:instrumentModel>Erdboden-Tiefenthermometer</gocl:instrumentModel>
              <gocl:observingMethod>Temperaturmessung, konv.</gocl:observingMethod>
              <gocl:distanceFromReferenceSurface>-.5</gocl:distanceFromReferenceSurface>
              <gocl:modDTFrom>1997-01-18T00:00:00</gocl:modDTFrom>
              <gocl:modDTUntil>2004-05-31T00:00:00</gocl:modDTUntil>
            </gocl:instrumentInfo>
            <gocl:instrumentInfo>
              <gocl:instrumentModel>Erdbodenthermometer</gocl:instrumentModel>
              <gocl:observingMethod>Temperaturmessung, konv.</gocl:observingMethod>
              <gocl:distanceFromReferenceSurface>-.05</gocl:distanceFromReferenceSurface>
              <gocl:modDTFrom>2004-05-22T00:00:00</gocl:modDTFrom>
              <gocl:modDTUntil>2004-05-31T00:00:00</gocl:modDTUntil>
            </gocl:instrumentInfo>
            <gocl:instrumentInfo>
              <gocl:instrumentModel>Erdboden-Tiefenthermometer</gocl:instrumentModel>
              <gocl:observingMethod>Temperaturmessung, konv.</gocl:observingMethod>
              <gocl:distanceFromReferenceSurface>-1</gocl:distanceFromReferenceSurface>
              <gocl:modDTFrom>2000-11-01T00:00:00</gocl:modDTFrom>
              <gocl:modDTUntil>2004-05-31T00:00:00</gocl:modDTUntil>
            </gocl:instrumentInfo>
            <gocl:instrumentInfo>
              <gocl:instrumentModel>Erdbodenthermometer</gocl:instrumentModel>
              <gocl:observingMethod>Temperaturmessung, konv.</gocl:observingMethod>
              <gocl:distanceFromReferenceSurface>-.1</gocl:distanceFromReferenceSurface>
              <gocl:modDTFrom>2003-08-08T00:00:00</gocl:modDTFrom>
              <gocl:modDTUntil>2004-05-31T00:00:00</gocl:modDTUntil>
            </gocl:instrumentInfo>
            <gocl:instrumentInfo>
              <gocl:instrumentModel>Erdbodenthermometer</gocl:instrumentModel>
              <gocl:observingMethod>Temperaturmessung, konv.</gocl:observingMethod>
              <gocl:distanceFromReferenceSurface>-.05</gocl:distanceFromReferenceSurface>
              <gocl:modDTFrom>1994-07-06T00:00:00</gocl:modDTFrom>
              <gocl:modDTUntil>2004-05-19T00:00:00</gocl:modDTUntil>
            </gocl:instrumentInfo>
            <gocl:instrumentInfo>
              <gocl:instrumentModel>Erdbodenthermometer</gocl:instrumentModel>
              <gocl:observingMethod>Temperaturmessung, konv.</gocl:observingMethod>
              <gocl:distanceFromReferenceSurface>-.2</gocl:distanceFromReferenceSurface>
              <gocl:modDTFrom>2003-08-08T00:00:00</gocl:modDTFrom>
              <gocl:modDTUntil>2003-10-16T00:00:00</gocl:modDTUntil>
            </gocl:instrumentInfo>
            <gocl:instrumentInfo>
              <gocl:instrumentModel>Erdbodenthermometer</gocl:instrumentModel>
              <gocl:observingMethod>Temperaturmessung, konv.</gocl:observingMethod>
              <gocl:distanceFromReferenceSurface>-.1</gocl:distanceFromReferenceSurface>
              <gocl:modDTFrom>1994-07-06T00:00:00</gocl:modDTFrom>
              <gocl:modDTUntil>2003-07-31T00:00:00</gocl:modDTUntil>
            </gocl:instrumentInfo>
            <gocl:instrumentInfo>
              <gocl:instrumentModel>Erdbodenthermometer</gocl:instrumentModel>
              <gocl:observingMethod>Temperaturmessung, konv.</gocl:observingMethod>
              <gocl:distanceFromReferenceSurface>-.2</gocl:distanceFromReferenceSurface>
              <gocl:modDTFrom>1990-07-17T00:00:00</gocl:modDTFrom>
              <gocl:modDTUntil>2003-07-31T00:00:00</gocl:modDTUntil>
            </gocl:instrumentInfo>
            <gocl:instrumentInfo>
              <gocl:instrumentModel>Erdboden-Tiefenthermometer</gocl:instrumentModel>
              <gocl:observingMethod>Temperaturmessung, konv.</gocl:observingMethod>
              <gocl:distanceFromReferenceSurface>-1</gocl:distanceFromReferenceSurface>
              <gocl:modDTFrom>1997-01-18T00:00:00</gocl:modDTFrom>
              <gocl:modDTUntil>2000-08-31T00:00:00</gocl:modDTUntil>
            </gocl:instrumentInfo>
            <gocl:instrumentInfo>
              <gocl:instrumentModel>Erdboden-Tiefenthermometer</gocl:instrumentModel>
              <gocl:observingMethod>Temperaturmessung, konv.</gocl:observingMethod>
              <gocl:distanceFromReferenceSurface>-.5</gocl:distanceFromReferenceSurface>
              <gocl:modDTFrom>1995-09-09T00:00:00</gocl:modDTFrom>
              <gocl:modDTUntil>1996-12-31T00:00:00</gocl:modDTUntil>
            </gocl:instrumentInfo>
            <gocl:instrumentInfo>
              <gocl:instrumentModel>Erdboden-Tiefenthermometer</gocl:instrumentModel>
              <gocl:observingMethod>Temperaturmessung, konv.</gocl:observingMethod>
              <gocl:distanceFromReferenceSurface>-1</gocl:distanceFromReferenceSurface>
              <gocl:modDTFrom>1990-07-01T00:00:00</gocl:modDTFrom>
              <gocl:modDTUntil>1996-12-31T00:00:00</gocl:modDTUntil>
            </gocl:instrumentInfo>
            <gocl:instrumentInfo>
              <gocl:instrumentModel>Erdboden-Tiefenthermometer</gocl:instrumentModel>
              <gocl:observingMethod>Temperaturmessung, konv.</gocl:observingMethod>
              <gocl:distanceFromReferenceSurface>-.5</gocl:distanceFromReferenceSurface>
              <gocl:modDTFrom>1990-07-01T00:00:00</gocl:modDTFrom>
              <gocl:modDTUntil>1995-08-19T00:00:00</gocl:modDTUntil>
            </gocl:instrumentInfo>
            <gocl:instrumentInfo>
              <gocl:instrumentModel>Erdbodenthermometer</gocl:instrumentModel>
              <gocl:observingMethod>Temperaturmessung, konv.</gocl:observingMethod>
              <gocl:distanceFromReferenceSurface>-.05</gocl:distanceFromReferenceSurface>
              <gocl:modDTFrom>1990-07-17T00:00:00</gocl:modDTFrom>
              <gocl:modDTUntil>1994-06-30T00:00:00</gocl:modDTUntil>
            </gocl:instrumentInfo>
            <gocl:instrumentInfo>
              <gocl:instrumentModel>Erdbodenthermometer</gocl:instrumentModel>
              <gocl:observingMethod>Temperaturmessung, konv.</gocl:observingMethod>
              <gocl:distanceFromReferenceSurface>-.1</gocl:distanceFromReferenceSurface>
              <gocl:modDTFrom>1990-07-17T00:00:00</gocl:modDTFrom>
              <gocl:modDTUntil>1994-06-30T00:00:00</gocl:modDTUntil>
            </gocl:instrumentInfo>
            <gocl:instrumentInfo>
              <gocl:instrumentModel>Erdbodenthermometer</gocl:instrumentModel>
              <gocl:observingMethod>Temperaturmessung, konv.</gocl:observingMethod>
              <gocl:distanceFromReferenceSurface>-.02</gocl:distanceFromReferenceSurface>
              <gocl:modDTFrom>1990-07-17T00:00:00</gocl:modDTFrom>
              <gocl:modDTUntil>1993-12-31T00:00:00</gocl:modDTUntil>
            </gocl:instrumentInfo>
          </gocl:instrument>
          <wmdscl:dataProcessingAndReporting>
            <wmdscl:dataProcessingAndReportingInfo>
              <dwdcdc:mezaId>432300723406</dwdcdc:mezaId>
              <dwdcdc:mezaDescription>TE02 :ERDBODENTEMPERATUR</dwdcdc:mezaDescription>
              <gocl:modDTFrom>1990-07-17T07:00:00.000000</gocl:modDTFrom>
              <gocl:modDTUntil>1993-12-31T21:00:00.000000</gocl:modDTUntil>
              <wmdscl:processingMethod>Instantan:Instantan oder Messwert für den das Zeitintervall nicht weiter aufgelöst werden kann</wmdscl:processingMethod>
              <wmdscl:aggregationPeriod>1 Stunde</wmdscl:aggregationPeriod>
              <wmdscl:referenceTime>undefined</wmdscl:referenceTime>
              <wmdscl:referenceDate>undefined</wmdscl:referenceDate>
            </wmdscl:dataProcessingAndReportingInfo>
            <wmdscl:dataProcessingAndReportingInfo>
              <dwdcdc:mezaId>432300548110</dwdcdc:mezaId>
              <dwdcdc:mezaDescription>TE50 :ERDBODENTEMPERATUR</dwdcdc:mezaDescription>
              <gocl:modDTFrom>1990-07-01T07:00:00.000000</gocl:modDTFrom>
              <gocl:modDTUntil>2019-06-26T07:00:00.000000</gocl:modDTUntil>
              <wmdscl:processingMethod>Instantan:Instantan oder Messwert für den das Zeitintervall nicht weiter aufgelöst werden kann</wmdscl:processingMethod>
              <wmdscl:aggregationPeriod>1 Stunde</wmdscl:aggregationPeriod>
              <wmdscl:referenceTime>undefined</wmdscl:referenceTime>
              <wmdscl:referenceDate>undefined</wmdscl:referenceDate>
            </wmdscl:dataProcessingAndReportingInfo>
            <wmdscl:dataProcessingAndReportingInfo>
              <dwdcdc:mezaId>432300254286</dwdcdc:mezaId>
              <dwdcdc:mezaDescription>TE100 :ERDBODENTEMPERATUR</dwdcdc:mezaDescription>
              <gocl:modDTFrom>1990-07-01T14:00:00.000000</gocl:modDTFrom>
              <gocl:modDTUntil>2019-06-26T07:00:00.000000</gocl:modDTUntil>
              <wmdscl:processingMethod>Instantan:Instantan oder Messwert für den das Zeitintervall nicht weiter aufgelöst werden kann</wmdscl:processingMethod>
              <wmdscl:aggregationPeriod>1 Stunde</wmdscl:aggregationPeriod>
              <wmdscl:referenceTime>undefined</wmdscl:referenceTime>
              <wmdscl:referenceDate>undefined</wmdscl:referenceDate>
            </wmdscl:dataProcessingAndReportingInfo>
            <wmdscl:dataProcessingAndReportingInfo>
              <dwdcdc:mezaId>432300449550</dwdcdc:mezaId>
              <dwdcdc:mezaDescription>TE50M :ERDBODENTEMPERATUR</dwdcdc:mezaDescription>
              <gocl:modDTFrom>1990-07-01T00:00:00.000000</gocl:modDTFrom>
              <gocl:modDTUntil>2019-06-25T00:00:00.000000</gocl:modDTUntil>
              <wmdscl:processingMethod>Mittelwert</wmdscl:processingMethod>
              <wmdscl:aggregationPeriod>1 Tag</wmdscl:aggregationPeriod>
              <wmdscl:referenceTime>undefined</wmdscl:referenceTime>
              <wmdscl:referenceDate>undefined</wmdscl:referenceDate>
            </wmdscl:dataProcessingAndReportingInfo>
            <wmdscl:dataProcessingAndReportingInfo>
              <dwdcdc:mezaId>432300841934</dwdcdc:mezaId>
              <dwdcdc:mezaDescription>TE20 :ERDBODENTEMPERATUR</dwdcdc:mezaDescription>
              <gocl:modDTFrom>1990-07-17T07:00:00.000000</gocl:modDTFrom>
              <gocl:modDTUntil>2019-06-26T07:00:00.000000</gocl:modDTUntil>
              <wmdscl:processingMethod>Instantan:Instantan oder Messwert für den das Zeitintervall nicht weiter aufgelöst werden kann</wmdscl:processingMethod>
              <wmdscl:aggregationPeriod>1 Stunde</wmdscl:aggregationPeriod>
              <wmdscl:referenceTime>undefined</wmdscl:referenceTime>
              <wmdscl:referenceDate>undefined</wmdscl:referenceDate>
            </wmdscl:dataProcessingAndReportingInfo>
            <wmdscl:dataProcessingAndReportingInfo>
              <dwdcdc:mezaId>432300150734</dwdcdc:mezaId>
              <dwdcdc:mezaDescription>TT_ERD :LUFTTEMP_AM_ERDB</dwdcdc:mezaDescription>
              <gocl:modDTFrom>2004-06-01T00:00:00.000000</gocl:modDTFrom>
              <gocl:modDTUntil>2019-06-26T07:00:00.000000</gocl:modDTUntil>
              <wmdscl:processingMethod>Instantan:Instantan oder Messwert für den das Zeitintervall nicht weiter aufgelöst werden kann</wmdscl:processingMethod>
              <wmdscl:aggregationPeriod>1 Stunde</wmdscl:aggregationPeriod>
              <wmdscl:referenceTime>undefined</wmdscl:referenceTime>
              <wmdscl:referenceDate>undefined</wmdscl:referenceDate>
            </wmdscl:dataProcessingAndReportingInfo>
            <wmdscl:dataProcessingAndReportingInfo>
              <dwdcdc:mezaId>432300743374</dwdcdc:mezaId>
              <dwdcdc:mezaDescription>TE20M :ERDBODENTEMPERATUR</dwdcdc:mezaDescription>
              <gocl:modDTFrom>1990-07-17T00:00:00.000000</gocl:modDTFrom>
              <gocl:modDTUntil>2019-06-25T00:00:00.000000</gocl:modDTUntil>
              <wmdscl:processingMethod>Mittelwert</wmdscl:processingMethod>
              <wmdscl:aggregationPeriod>1 Tag</wmdscl:aggregationPeriod>
              <wmdscl:referenceTime>undefined</wmdscl:referenceTime>
              <wmdscl:referenceDate>undefined</wmdscl:referenceDate>
            </wmdscl:dataProcessingAndReportingInfo>
            <wmdscl:dataProcessingAndReportingInfo>
              <dwdcdc:mezaId>432300331022</dwdcdc:mezaId>
              <dwdcdc:mezaDescription>TE05M :ERDBODENTEMPERATUR</dwdcdc:mezaDescription>
              <gocl:modDTFrom>1990-07-17T00:00:00.000000</gocl:modDTFrom>
              <gocl:modDTUntil>2019-06-25T00:00:00.000000</gocl:modDTUntil>
              <wmdscl:processingMethod>Mittelwert</wmdscl:processingMethod>
              <wmdscl:aggregationPeriod>1 Tag</wmdscl:aggregationPeriod>
              <wmdscl:referenceTime>undefined</wmdscl:referenceTime>
              <wmdscl:referenceDate>undefined</wmdscl:referenceDate>
            </wmdscl:dataProcessingAndReportingInfo>
            <wmdscl:dataProcessingAndReportingInfo>
              <dwdcdc:mezaId>432300429582</dwdcdc:mezaId>
              <dwdcdc:mezaDescription>TE05 :ERDBODENTEMPERATUR</dwdcdc:mezaDescription>
              <gocl:modDTFrom>1990-07-17T07:00:00.000000</gocl:modDTFrom>
              <gocl:modDTUntil>2019-06-26T07:00:00.000000</gocl:modDTUntil>
              <wmdscl:processingMethod>Instantan:Instantan oder Messwert für den das Zeitintervall nicht weiter aufgelöst werden kann</wmdscl:processingMethod>
              <wmdscl:aggregationPeriod>1 Stunde</wmdscl:aggregationPeriod>
              <wmdscl:referenceTime>undefined</wmdscl:referenceTime>
              <wmdscl:referenceDate>undefined</wmdscl:referenceDate>
            </wmdscl:dataProcessingAndReportingInfo>
            <wmdscl:dataProcessingAndReportingInfo>
              <dwdcdc:mezaId>432300037198</dwdcdc:mezaId>
              <dwdcdc:mezaDescription>TE10M :ERDBODENTEMPERATUR</dwdcdc:mezaDescription>
              <gocl:modDTFrom>1990-07-17T00:00:00.000000</gocl:modDTFrom>
              <gocl:modDTUntil>2019-06-25T00:00:00.000000</gocl:modDTUntil>
              <wmdscl:processingMethod>Mittelwert</wmdscl:processingMethod>
              <wmdscl:aggregationPeriod>1 Tag</wmdscl:aggregationPeriod>
              <wmdscl:referenceTime>undefined</wmdscl:referenceTime>
              <wmdscl:referenceDate>undefined</wmdscl:referenceDate>
            </wmdscl:dataProcessingAndReportingInfo>
            <wmdscl:dataProcessingAndReportingInfo>
              <dwdcdc:mezaId>432300155726</dwdcdc:mezaId>
              <dwdcdc:mezaDescription>TE02M :ERDBODENTEMPERATUR</dwdcdc:mezaDescription>
              <gocl:modDTFrom>1990-07-17T00:00:00.000000</gocl:modDTFrom>
              <gocl:modDTUntil>1993-12-31T00:00:00.000000</gocl:modDTUntil>
              <wmdscl:processingMethod>Mittelwert</wmdscl:processingMethod>
              <wmdscl:aggregationPeriod>1 Tag</wmdscl:aggregationPeriod>
              <wmdscl:referenceTime>undefined</wmdscl:referenceTime>
              <wmdscl:referenceDate>undefined</wmdscl:referenceDate>
            </wmdscl:dataProcessingAndReportingInfo>
          </wmdscl:dataProcessingAndReporting>
        </wmdscl:observedVariableInfo>
        <wmdscl:observedVariableInfo>Temperatur (Luft)<gocl:instrument>
            <gocl:instrumentInfo>
              <gocl:instrumentModel>PT 100 (Luft)</gocl:instrumentModel>
              <gocl:observingMethod>Temperaturmessung, elektr.</gocl:observingMethod>
              <gocl:distanceFromReferenceSurface>2</gocl:distanceFromReferenceSurface>
              <gocl:modDTFrom>2018-05-15T00:00:00</gocl:modDTFrom>
              <gocl:modDTUntil>...</gocl:modDTUntil>
            </gocl:instrumentInfo>
            <gocl:instrumentInfo>
              <gocl:instrumentModel>PT 100 (Luft)</gocl:instrumentModel>
              <gocl:observingMethod>Temperaturmessung, elektr.</gocl:observingMethod>
              <gocl:distanceFromReferenceSurface>.05</gocl:distanceFromReferenceSurface>
              <gocl:modDTFrom>2018-05-15T00:00:00</gocl:modDTFrom>
              <gocl:modDTUntil>...</gocl:modDTUntil>
            </gocl:instrumentInfo>
            <gocl:instrumentInfo>
              <gocl:instrumentModel>PT 100 (Luft)</gocl:instrumentModel>
              <gocl:observingMethod>Temperaturmessung, elektr.</gocl:observingMethod>
              <gocl:distanceFromReferenceSurface>.05</gocl:distanceFromReferenceSurface>
              <gocl:modDTFrom>2013-04-17T00:00:00</gocl:modDTFrom>
              <gocl:modDTUntil>2018-05-14T00:00:00</gocl:modDTUntil>
            </gocl:instrumentInfo>
            <gocl:instrumentInfo>
              <gocl:instrumentModel>PT 100 (Luft)</gocl:instrumentModel>
              <gocl:observingMethod>Temperaturmessung, elektr.</gocl:observingMethod>
              <gocl:distanceFromReferenceSurface>2</gocl:distanceFromReferenceSurface>
              <gocl:modDTFrom>2013-04-17T00:00:00</gocl:modDTFrom>
              <gocl:modDTUntil>2018-05-14T00:00:00</gocl:modDTUntil>
            </gocl:instrumentInfo>
            <gocl:instrumentInfo>
              <gocl:instrumentModel>PT 100 (Luft)</gocl:instrumentModel>
              <gocl:observingMethod>Temperaturmessung, elektr.</gocl:observingMethod>
              <gocl:distanceFromReferenceSurface>2</gocl:distanceFromReferenceSurface>
              <gocl:modDTFrom>2004-06-01T00:00:00</gocl:modDTFrom>
              <gocl:modDTUntil>2013-04-16T00:00:00</gocl:modDTUntil>
            </gocl:instrumentInfo>
            <gocl:instrumentInfo>
              <gocl:instrumentModel>PT 100 (Luft)</gocl:instrumentModel>
              <gocl:observingMethod>Temperaturmessung, elektr.</gocl:observingMethod>
              <gocl:distanceFromReferenceSurface>.05</gocl:distanceFromReferenceSurface>
              <gocl:modDTFrom>2004-06-01T00:00:00</gocl:modDTFrom>
              <gocl:modDTUntil>2013-04-16T00:00:00</gocl:modDTUntil>
            </gocl:instrumentInfo>
            <gocl:instrumentInfo>
              <gocl:instrumentModel>PT 100 (Luft)</gocl:instrumentModel>
              <gocl:observingMethod>Temperaturmessung, elektr.</gocl:observingMethod>
              <gocl:distanceFromReferenceSurface>.05</gocl:distanceFromReferenceSurface>
              <gocl:modDTFrom>2004-04-21T00:00:00</gocl:modDTFrom>
              <gocl:modDTUntil>2004-05-31T00:00:00</gocl:modDTUntil>
            </gocl:instrumentInfo>
            <gocl:instrumentInfo>
              <gocl:instrumentModel>Minimumthermometer</gocl:instrumentModel>
              <gocl:observingMethod>Temperaturmessung, konv.</gocl:observingMethod>
              <gocl:distanceFromReferenceSurface>.05</gocl:distanceFromReferenceSurface>
              <gocl:modDTFrom>1996-02-01T00:00:00</gocl:modDTFrom>
              <gocl:modDTUntil>2004-05-31T00:00:00</gocl:modDTUntil>
            </gocl:instrumentInfo>
            <gocl:instrumentInfo>
              <gocl:instrumentModel>Minimumthermometer</gocl:instrumentModel>
              <gocl:observingMethod>Temperaturmessung, konv.</gocl:observingMethod>
              <gocl:distanceFromReferenceSurface>2.2</gocl:distanceFromReferenceSurface>
              <gocl:modDTFrom>1990-07-01T00:00:00</gocl:modDTFrom>
              <gocl:modDTUntil>2004-05-31T00:00:00</gocl:modDTUntil>
            </gocl:instrumentInfo>
            <gocl:instrumentInfo>
              <gocl:instrumentModel>Maximumthermometer</gocl:instrumentModel>
              <gocl:observingMethod>Temperaturmessung, konv.</gocl:observingMethod>
              <gocl:distanceFromReferenceSurface>2.2</gocl:distanceFromReferenceSurface>
              <gocl:modDTFrom>1990-07-01T00:00:00</gocl:modDTFrom>
              <gocl:modDTUntil>2004-05-31T00:00:00</gocl:modDTUntil>
            </gocl:instrumentInfo>
            <gocl:instrumentInfo>
              <gocl:instrumentModel>Minimumthermometer</gocl:instrumentModel>
              <gocl:observingMethod>Temperaturmessung, konv.</gocl:observingMethod>
              <gocl:distanceFromReferenceSurface>.05</gocl:distanceFromReferenceSurface>
              <gocl:modDTFrom>1991-02-01T00:00:00</gocl:modDTFrom>
              <gocl:modDTUntil>1995-04-30T00:00:00</gocl:modDTUntil>
            </gocl:instrumentInfo>
            <gocl:instrumentInfo>
              <gocl:instrumentModel>Minimumthermometer</gocl:instrumentModel>
              <gocl:observingMethod>Temperaturmessung, konv.</gocl:observingMethod>
              <gocl:distanceFromReferenceSurface>.05</gocl:distanceFromReferenceSurface>
              <gocl:modDTFrom>1990-07-01T00:00:00</gocl:modDTFrom>
              <gocl:modDTUntil>1990-12-31T00:00:00</gocl:modDTUntil>
            </gocl:instrumentInfo>
          </gocl:instrument>
          <wmdscl:dataProcessingAndReporting>
            <wmdscl:dataProcessingAndReportingInfo>
              <dwdcdc:mezaId>432300454542</dwdcdc:mezaId>
              <dwdcdc:mezaDescription>TT_TU :LUFTTEMPERATUR</dwdcdc:mezaDescription>
              <gocl:modDTFrom>2004-06-01T00:00:00.000000</gocl:modDTFrom>
              <gocl:modDTUntil>2019-06-26T07:00:00.000000</gocl:modDTUntil>
              <wmdscl:processingMethod>Instantan:Instantan oder Messwert für den das Zeitintervall nicht weiter aufgelöst werden kann</wmdscl:processingMethod>
              <wmdscl:aggregationPeriod>1 Stunde</wmdscl:aggregationPeriod>
              <wmdscl:referenceTime>undefined</wmdscl:referenceTime>
              <wmdscl:referenceDate>undefined</wmdscl:referenceDate>
            </wmdscl:dataProcessingAndReportingInfo>
            <wmdscl:dataProcessingAndReportingInfo>
              <dwdcdc:mezaId>432300350990</dwdcdc:mezaId>
              <dwdcdc:mezaDescription>JA_TT :LUFTTEMPERATUR</dwdcdc:mezaDescription>
              <gocl:modDTFrom>1991-01-01T00:00:00.000000</gocl:modDTFrom>
              <gocl:modDTUntil>2018-01-01T00:00:00.000000</gocl:modDTUntil>
              <wmdscl:processingMethod>Mittelwert</wmdscl:processingMethod>
              <wmdscl:aggregationPeriod>1 Jahr</wmdscl:aggregationPeriod>
              <wmdscl:referenceTime>undefined</wmdscl:referenceTime>
              <wmdscl:referenceDate>undefined</wmdscl:referenceDate>
            </wmdscl:dataProcessingAndReportingInfo>
            <wmdscl:dataProcessingAndReportingInfo>
              <dwdcdc:mezaId>432300459534</dwdcdc:mezaId>
              <dwdcdc:mezaDescription>TT :LUFTTEMPERATUR</dwdcdc:mezaDescription>
              <gocl:modDTFrom>2004-06-01T00:00:00.000000</gocl:modDTFrom>
              <gocl:modDTUntil>2019-06-26T07:00:00.000000</gocl:modDTUntil>
              <wmdscl:processingMethod>Instantan:Instantan oder Messwert für den das Zeitintervall nicht weiter aufgelöst werden kann</wmdscl:processingMethod>
              <wmdscl:aggregationPeriod>1 Stunde</wmdscl:aggregationPeriod>
              <wmdscl:referenceTime>undefined</wmdscl:referenceTime>
              <wmdscl:referenceDate>undefined</wmdscl:referenceDate>
            </wmdscl:dataProcessingAndReportingInfo>
            <wmdscl:dataProcessingAndReportingInfo>
              <dwdcdc:mezaId>432300624846</dwdcdc:mezaId>
              <dwdcdc:mezaDescription>MO_TT :LUFTTEMPERATUR</dwdcdc:mezaDescription>
              <gocl:modDTFrom>1990-07-01T00:00:00.000000</gocl:modDTFrom>
              <gocl:modDTUntil>2019-05-01T00:00:00.000000</gocl:modDTUntil>
              <wmdscl:processingMethod>Mittelwert</wmdscl:processingMethod>
              <wmdscl:aggregationPeriod>1 Monat</wmdscl:aggregationPeriod>
              <wmdscl:referenceTime>undefined</wmdscl:referenceTime>
              <wmdscl:referenceDate>undefined</wmdscl:referenceDate>
            </wmdscl:dataProcessingAndReportingInfo>
            <wmdscl:dataProcessingAndReportingInfo>
              <dwdcdc:mezaId>432300237454</dwdcdc:mezaId>
              <dwdcdc:mezaDescription>TXK :LUFTTEMPERATUR_MAXIMUM</dwdcdc:mezaDescription>
              <gocl:modDTFrom>1990-07-01T00:00:00.000000</gocl:modDTFrom>
              <gocl:modDTUntil>2019-06-25T00:00:00.000000</gocl:modDTUntil>
              <wmdscl:processingMethod>Maximum</wmdscl:processingMethod>
              <wmdscl:aggregationPeriod>1 Tag</wmdscl:aggregationPeriod>
              <wmdscl:referenceTime>undefined</wmdscl:referenceTime>
              <wmdscl:referenceDate>undefined</wmdscl:referenceDate>
            </wmdscl:dataProcessingAndReportingInfo>
            <wmdscl:dataProcessingAndReportingInfo>
              <dwdcdc:mezaId>432300953614</dwdcdc:mezaId>
              <dwdcdc:mezaDescription>TNK :LUFTTEMPERATUR_MINIMUM</dwdcdc:mezaDescription>
              <gocl:modDTFrom>1990-07-01T00:00:00.000000</gocl:modDTFrom>
              <gocl:modDTUntil>2019-06-25T00:00:00.000000</gocl:modDTUntil>
              <wmdscl:processingMethod>Minimum</wmdscl:processingMethod>
              <wmdscl:aggregationPeriod>1 Tag</wmdscl:aggregationPeriod>
              <wmdscl:referenceTime>undefined</wmdscl:referenceTime>
              <wmdscl:referenceDate>undefined</wmdscl:referenceDate>
            </wmdscl:dataProcessingAndReportingInfo>
            <wmdscl:dataProcessingAndReportingInfo>
              <dwdcdc:mezaId>432300706574</dwdcdc:mezaId>
              <dwdcdc:mezaDescription>TMK :LUFTTEMPERATUR</dwdcdc:mezaDescription>
              <gocl:modDTFrom>1990-07-01T00:00:00.000000</gocl:modDTFrom>
              <gocl:modDTUntil>2019-06-25T00:00:00.000000</gocl:modDTUntil>
              <wmdscl:processingMethod>Mittelwert</wmdscl:processingMethod>
              <wmdscl:aggregationPeriod>1 Tag</wmdscl:aggregationPeriod>
              <wmdscl:referenceTime>undefined</wmdscl:referenceTime>
              <wmdscl:referenceDate>undefined</wmdscl:referenceDate>
            </wmdscl:dataProcessingAndReportingInfo>
          </wmdscl:dataProcessingAndReporting>
        </wmdscl:observedVariableInfo>
        <wmdscl:observedVariableInfo>Temperatur / Feuchte<gocl:instrument>
            <gocl:instrumentInfo>
              <gocl:instrumentModel>Psychrometerthermometer (trocken)</gocl:instrumentModel>
              <gocl:observingMethod>Temperatur/Feuchtemessung, konv.</gocl:observingMethod>
              <gocl:distanceFromReferenceSurface>2</gocl:distanceFromReferenceSurface>
              <gocl:modDTFrom>1990-07-01T00:00:00</gocl:modDTFrom>
              <gocl:modDTUntil>2004-05-31T00:00:00</gocl:modDTUntil>
            </gocl:instrumentInfo>
            <gocl:instrumentInfo>
              <gocl:instrumentModel>Psychrometerthermometer (feucht)</gocl:instrumentModel>
              <gocl:observingMethod>Temperatur/Feuchtemessung, konv.</gocl:observingMethod>
              <gocl:distanceFromReferenceSurface>2</gocl:distanceFromReferenceSurface>
              <gocl:modDTFrom>1990-07-01T00:00:00</gocl:modDTFrom>
              <gocl:modDTUntil>2004-05-31T00:00:00</gocl:modDTUntil>
            </gocl:instrumentInfo>
          </gocl:instrument>
          <wmdscl:dataProcessingAndReporting>
            <wmdscl:dataProcessingAndReportingInfo>
              <dwdcdc:mezaId>432300933646</dwdcdc:mezaId>
              <dwdcdc:mezaDescription>MO_RF :REL_FEUCHTE</dwdcdc:mezaDescription>
              <gocl:modDTFrom>1990-07-01T00:00:00.000000</gocl:modDTFrom>
              <gocl:modDTUntil>2019-05-01T00:00:00.000000</gocl:modDTUntil>
              <wmdscl:processingMethod>Mittelwert</wmdscl:processingMethod>
              <wmdscl:aggregationPeriod>1 Monat</wmdscl:aggregationPeriod>
              <wmdscl:referenceTime>undefined</wmdscl:referenceTime>
              <wmdscl:referenceDate>undefined</wmdscl:referenceDate>
            </wmdscl:dataProcessingAndReportingInfo>
            <wmdscl:dataProcessingAndReportingInfo>
              <dwdcdc:mezaId>432300118926</dwdcdc:mezaId>
              <dwdcdc:mezaDescription>UPM :REL_FEUCHTE</dwdcdc:mezaDescription>
              <gocl:modDTFrom>1990-07-01T00:00:00.000000</gocl:modDTFrom>
              <gocl:modDTUntil>2019-06-25T00:00:00.000000</gocl:modDTUntil>
              <wmdscl:processingMethod>Mittelwert</wmdscl:processingMethod>
              <wmdscl:aggregationPeriod>1 Tag</wmdscl:aggregationPeriod>
              <wmdscl:referenceTime>undefined</wmdscl:referenceTime>
              <wmdscl:referenceDate>undefined</wmdscl:referenceDate>
            </wmdscl:dataProcessingAndReportingInfo>
            <wmdscl:dataProcessingAndReportingInfo>
              <dwdcdc:mezaId>432300402766</dwdcdc:mezaId>
              <dwdcdc:mezaDescription>UR :REL_FEUCHTE_REGISTRIERUNG</dwdcdc:mezaDescription>
              <gocl:modDTFrom>2014-09-15T12:00:00.000000</gocl:modDTFrom>
              <gocl:modDTUntil>2019-06-26T07:00:00.000000</gocl:modDTUntil>
              <wmdscl:processingMethod>Instantan:Instantan oder Messwert für den das Zeitintervall nicht weiter aufgelöst werden kann</wmdscl:processingMethod>
              <wmdscl:aggregationPeriod>1 Stunde</wmdscl:aggregationPeriod>
              <wmdscl:referenceTime>undefined</wmdscl:referenceTime>
              <wmdscl:referenceDate>undefined</wmdscl:referenceDate>
            </wmdscl:dataProcessingAndReportingInfo>
            <wmdscl:dataProcessingAndReportingInfo>
              <dwdcdc:mezaId>432300701582</dwdcdc:mezaId>
              <dwdcdc:mezaDescription>JA_RF :REL_FEUCHTE</dwdcdc:mezaDescription>
              <gocl:modDTFrom>1991-01-01T00:00:00.000000</gocl:modDTFrom>
              <gocl:modDTUntil>2017-01-01T00:00:00.000000</gocl:modDTUntil>
              <wmdscl:processingMethod>Mittelwert</wmdscl:processingMethod>
              <wmdscl:aggregationPeriod>1 Jahr</wmdscl:aggregationPeriod>
              <wmdscl:referenceTime>undefined</wmdscl:referenceTime>
              <wmdscl:referenceDate>undefined</wmdscl:referenceDate>
            </wmdscl:dataProcessingAndReportingInfo>
            <wmdscl:dataProcessingAndReportingInfo>
              <dwdcdc:mezaId>432300696590</dwdcdc:mezaId>
              <dwdcdc:mezaDescription>UU :REL_FEUCHTE</dwdcdc:mezaDescription>
              <gocl:modDTFrom>2004-06-01T00:00:00.000000</gocl:modDTFrom>
              <gocl:modDTUntil>2019-06-26T07:00:00.000000</gocl:modDTUntil>
              <wmdscl:processingMethod>Instantan:Instantan oder Messwert für den das Zeitintervall nicht weiter aufgelöst werden kann</wmdscl:processingMethod>
              <wmdscl:aggregationPeriod>1 Stunde</wmdscl:aggregationPeriod>
              <wmdscl:referenceTime>undefined</wmdscl:referenceTime>
              <wmdscl:referenceDate>undefined</wmdscl:referenceDate>
            </wmdscl:dataProcessingAndReportingInfo>
            <wmdscl:dataProcessingAndReportingInfo>
              <dwdcdc:mezaId>432300350990</dwdcdc:mezaId>
              <dwdcdc:mezaDescription>JA_TT :LUFTTEMPERATUR</dwdcdc:mezaDescription>
              <gocl:modDTFrom>1991-01-01T00:00:00.000000</gocl:modDTFrom>
              <gocl:modDTUntil>2018-01-01T00:00:00.000000</gocl:modDTUntil>
              <wmdscl:processingMethod>Mittelwert</wmdscl:processingMethod>
              <wmdscl:aggregationPeriod>1 Jahr</wmdscl:aggregationPeriod>
              <wmdscl:referenceTime>undefined</wmdscl:referenceTime>
              <wmdscl:referenceDate>undefined</wmdscl:referenceDate>
            </wmdscl:dataProcessingAndReportingInfo>
            <wmdscl:dataProcessingAndReportingInfo>
              <dwdcdc:mezaId>432300454542</dwdcdc:mezaId>
              <dwdcdc:mezaDescription>TT_TU :LUFTTEMPERATUR</dwdcdc:mezaDescription>
              <gocl:modDTFrom>2004-06-01T00:00:00.000000</gocl:modDTFrom>
              <gocl:modDTUntil>2019-06-26T07:00:00.000000</gocl:modDTUntil>
              <wmdscl:processingMethod>Instantan:Instantan oder Messwert für den das Zeitintervall nicht weiter aufgelöst werden kann</wmdscl:processingMethod>
              <wmdscl:aggregationPeriod>1 Stunde</wmdscl:aggregationPeriod>
              <wmdscl:referenceTime>undefined</wmdscl:referenceTime>
              <wmdscl:referenceDate>undefined</wmdscl:referenceDate>
            </wmdscl:dataProcessingAndReportingInfo>
            <wmdscl:dataProcessingAndReportingInfo>
              <dwdcdc:mezaId>432300160718</dwdcdc:mezaId>
              <dwdcdc:mezaDescription>RF_TU :REL_FEUCHTE</dwdcdc:mezaDescription>
              <gocl:modDTFrom>2004-06-01T00:00:00.000000</gocl:modDTFrom>
              <gocl:modDTUntil>2019-06-26T07:00:00.000000</gocl:modDTUntil>
              <wmdscl:processingMethod>Instantan:Instantan oder Messwert für den das Zeitintervall nicht weiter aufgelöst werden kann</wmdscl:processingMethod>
              <wmdscl:aggregationPeriod>1 Stunde</wmdscl:aggregationPeriod>
              <wmdscl:referenceTime>undefined</wmdscl:referenceTime>
              <wmdscl:referenceDate>undefined</wmdscl:referenceDate>
            </wmdscl:dataProcessingAndReportingInfo>
            <wmdscl:dataProcessingAndReportingInfo>
              <dwdcdc:mezaId>432300624846</dwdcdc:mezaId>
              <dwdcdc:mezaDescription>MO_TT :LUFTTEMPERATUR</dwdcdc:mezaDescription>
              <gocl:modDTFrom>1990-07-01T00:00:00.000000</gocl:modDTFrom>
              <gocl:modDTUntil>2019-05-01T00:00:00.000000</gocl:modDTUntil>
              <wmdscl:processingMethod>Mittelwert</wmdscl:processingMethod>
              <wmdscl:aggregationPeriod>1 Monat</wmdscl:aggregationPeriod>
              <wmdscl:referenceTime>undefined</wmdscl:referenceTime>
              <wmdscl:referenceDate>undefined</wmdscl:referenceDate>
            </wmdscl:dataProcessingAndReportingInfo>
            <wmdscl:dataProcessingAndReportingInfo>
              <dwdcdc:mezaId>432300706574</dwdcdc:mezaId>
              <dwdcdc:mezaDescription>TMK :LUFTTEMPERATUR</dwdcdc:mezaDescription>
              <gocl:modDTFrom>1990-07-01T00:00:00.000000</gocl:modDTFrom>
              <gocl:modDTUntil>2019-06-25T00:00:00.000000</gocl:modDTUntil>
              <wmdscl:processingMethod>Mittelwert</wmdscl:processingMethod>
              <wmdscl:aggregationPeriod>1 Tag</wmdscl:aggregationPeriod>
              <wmdscl:referenceTime>undefined</wmdscl:referenceTime>
              <wmdscl:referenceDate>undefined</wmdscl:referenceDate>
            </wmdscl:dataProcessingAndReportingInfo>
            <wmdscl:dataProcessingAndReportingInfo>
              <dwdcdc:mezaId>432300459534</dwdcdc:mezaId>
              <dwdcdc:mezaDescription>TT :LUFTTEMPERATUR</dwdcdc:mezaDescription>
              <gocl:modDTFrom>2004-06-01T00:00:00.000000</gocl:modDTFrom>
              <gocl:modDTUntil>2019-06-26T07:00:00.000000</gocl:modDTUntil>
              <wmdscl:processingMethod>Instantan:Instantan oder Messwert für den das Zeitintervall nicht weiter aufgelöst werden kann</wmdscl:processingMethod>
              <wmdscl:aggregationPeriod>1 Stunde</wmdscl:aggregationPeriod>
              <wmdscl:referenceTime>undefined</wmdscl:referenceTime>
              <wmdscl:referenceDate>undefined</wmdscl:referenceDate>
            </wmdscl:dataProcessingAndReportingInfo>
          </wmdscl:dataProcessingAndReporting>
        </wmdscl:observedVariableInfo>
        <wmdscl:observedVariableInfo>Wind<gocl:instrument/>
          <wmdscl:dataProcessingAndReporting>
            <wmdscl:dataProcessingAndReportingInfo>
              <dwdcdc:mezaId>432300103950</dwdcdc:mezaId>
              <dwdcdc:mezaDescription>MO_FK :WINDSTAERKE</dwdcdc:mezaDescription>
              <gocl:modDTFrom>1990-07-01T00:00:00.000000</gocl:modDTFrom>
              <gocl:modDTUntil>2011-12-01T00:00:00.000000</gocl:modDTUntil>
              <wmdscl:processingMethod>Mittelwert</wmdscl:processingMethod>
              <wmdscl:aggregationPeriod>1 Monat</wmdscl:aggregationPeriod>
              <wmdscl:referenceTime>undefined</wmdscl:referenceTime>
              <wmdscl:referenceDate>undefined</wmdscl:referenceDate>
            </wmdscl:dataProcessingAndReportingInfo>
            <wmdscl:dataProcessingAndReportingInfo>
              <dwdcdc:mezaId>432300047182</dwdcdc:mezaId>
              <dwdcdc:mezaDescription>DD :WINDRICHTUNG</dwdcdc:mezaDescription>
              <gocl:modDTFrom>2004-06-01T06:00:00.000000</gocl:modDTFrom>
              <gocl:modDTUntil>2011-12-31T18:00:00.000000</gocl:modDTUntil>
              <wmdscl:processingMethod>Mittelwert</wmdscl:processingMethod>
              <wmdscl:aggregationPeriod>1 Stunde</wmdscl:aggregationPeriod>
              <wmdscl:referenceTime>undefined</wmdscl:referenceTime>
              <wmdscl:referenceDate>undefined</wmdscl:referenceDate>
            </wmdscl:dataProcessingAndReportingInfo>
            <wmdscl:dataProcessingAndReportingInfo>
              <dwdcdc:mezaId>432300753358</dwdcdc:mezaId>
              <dwdcdc:mezaDescription>FF :WINDGESCHWINDIGKEIT</dwdcdc:mezaDescription>
              <gocl:modDTFrom>2004-06-01T06:00:00.000000</gocl:modDTFrom>
              <gocl:modDTUntil>2011-12-31T18:00:00.000000</gocl:modDTUntil>
              <wmdscl:processingMethod>Mittelwert</wmdscl:processingMethod>
              <wmdscl:aggregationPeriod>1 Stunde</wmdscl:aggregationPeriod>
              <wmdscl:referenceTime>undefined</wmdscl:referenceTime>
              <wmdscl:referenceDate>undefined</wmdscl:referenceDate>
            </wmdscl:dataProcessingAndReportingInfo>
            <wmdscl:dataProcessingAndReportingInfo>
              <dwdcdc:mezaId>432300825102</dwdcdc:mezaId>
              <dwdcdc:mezaDescription>FMK :WINDSTAERKE</dwdcdc:mezaDescription>
              <gocl:modDTFrom>1990-07-01T00:00:00.000000</gocl:modDTFrom>
              <gocl:modDTUntil>2011-12-31T00:00:00.000000</gocl:modDTUntil>
              <wmdscl:processingMethod>Mittelwert</wmdscl:processingMethod>
              <wmdscl:aggregationPeriod>1 Tag</wmdscl:aggregationPeriod>
              <wmdscl:referenceTime>undefined</wmdscl:referenceTime>
              <wmdscl:referenceDate>undefined</wmdscl:referenceDate>
            </wmdscl:dataProcessingAndReportingInfo>
            <wmdscl:dataProcessingAndReportingInfo>
              <dwdcdc:mezaId>432300289230</dwdcdc:mezaId>
              <dwdcdc:mezaDescription>JA_FK :WINDSTAERKE</dwdcdc:mezaDescription>
              <gocl:modDTFrom>1991-01-01T00:00:00.000000</gocl:modDTFrom>
              <gocl:modDTUntil>2011-01-01T00:00:00.000000</gocl:modDTUntil>
              <wmdscl:processingMethod>Mittelwert</wmdscl:processingMethod>
              <wmdscl:aggregationPeriod>1 Jahr</wmdscl:aggregationPeriod>
              <wmdscl:referenceTime>undefined</wmdscl:referenceTime>
              <wmdscl:referenceDate>undefined</wmdscl:referenceDate>
            </wmdscl:dataProcessingAndReportingInfo>
          </wmdscl:dataProcessingAndReporting>
        </wmdscl:observedVariableInfo>
      </wmdscl:observedVariable>
    </go:observationInfo>
  </go:observation>
</go:station>
