"Produkt_Code","Produkt_Titel","Einheit","Beschreibung_DWD","Beschreibung_Inspire"
"NM_MN004","Daily station observations of mean cloud coverage in eighths","eighth","https://cdc.dwd.de/sdi/pid/NM_MN004/DESCRIPTION_NM_MN004_en.pdf","https://cdc.dwd.de/sdi/pid/NM_MN004/ISO_NM_MN004.xml"
"UPM_MN004","Daily mean of relative humidity at 2 m above ground in %","%","https://cdc.dwd.de/sdi/pid/UPM_MN004/DESCRIPTION_UPM_MN004_en.pdf","https://cdc.dwd.de/sdi/pid/UPM_MN004/ISO_UPM_MN004.xml"
"SDK_MN004","Daily station observations of sunshine duration in hours","hours","https://cdc.dwd.de/sdi/pid/SDK_MN004/DESCRIPTION_SDK_MN004_en.pdf","https://cdc.dwd.de/sdi/pid/SDK_MN004/ISO_SDK_MN004.xml"
"RS_MN006","Daily station observations precipitation height in mm","mm","https://cdc.dwd.de/sdi/pid/RS_MN006/DESCRIPTION_RS_MN006_en.pdf","https://cdc.dwd.de/sdi/pid/RS_MN006/ISO_RS_MN006.xml"
"TMK_MN004","Daily station observations of mean temperature at 2 m above ground in °C","°C","https://cdc.dwd.de/sdi/pid/TMK_MN004/DESCRIPTION_TMK_MN004_en.pdf","https://cdc.dwd.de/sdi/pid/TMK_MN004/ISO_TMK_MN004.xml"
