"SDO_ID","SDO_Name","Geogr_Laenge","Geogr_Breite","Hoehe_ueber_NN","Metadata_Link"
"1079","Düsseldorf-Südfriedhof","6.7574","51.1998","37.0","https://cdc.dwd.de/rest/metadata/station/html/812300000743"
"3426","Muskau, Bad","14.70081","51.565979","127.0","https://cdc.dwd.de/rest/metadata/station/html/812300001319"
"502","Bischbrunn","9.4883","49.8747","412.0","https://cdc.dwd.de/rest/metadata/station/html/812300002599"
"1420","Frankfurt/Main","8.521294","50.025911","100.0","https://cdc.dwd.de/rest/metadata/station/html/812300004455"
"1832","Großer Arber","13.133791","49.112887","1436.0","https://cdc.dwd.de/rest/metadata/station/html/812300006311"
"3761","Öhringen","9.517582","49.207016","276.0","https://cdc.dwd.de/rest/metadata/station/html/812300008167"
"4560","Schotten","9.122558","50.492508","265.0","https://cdc.dwd.de/rest/metadata/station/html/812300009447"
"2691","Königsmoos-Untermaxfeld","11.2173","48.6707","378.0","https://cdc.dwd.de/rest/metadata/station/html/812300012583"
"596","Boltenhagen","11.190772","54.002806","15.0","https://cdc.dwd.de/rest/metadata/station/html/812300014439"
"5705","Würzburg","9.957627","49.770378","268.0","https://cdc.dwd.de/rest/metadata/station/html/812300016295"
"3390","München-Riem","11.7094","48.1369","529.0","https://cdc.dwd.de/rest/metadata/station/html/812300017575"
"6109","Grambow-Schwennenz","14.372794","53.38369","50.0","https://cdc.dwd.de/rest/metadata/station/html/812300019431"
"1973","Hamburg-Botanischer Garten","9.9874","53.5598","14.0","https://cdc.dwd.de/rest/metadata/station/html/812300020711"
"7412","Neuhütten/Spessart","9.423765","50.008293","340.0","https://cdc.dwd.de/rest/metadata/station/html/812300021287"
"4584","Schwaigermoos","11.8","48.3667","444.0","https://cdc.dwd.de/rest/metadata/station/html/812300022567"
"3086","Lübeck-Blankensee","10.698941","53.802512","15.0","https://cdc.dwd.de/rest/metadata/station/html/812300024423"
"1425","Frankfurt/Main (Feldbergstr.)","8.6601","50.1213","109.0","https://cdc.dwd.de/rest/metadata/station/html/812300025703"
"2315","Holzdorf (Flugplatz)","13.166637","51.765723","81.0","https://cdc.dwd.de/rest/metadata/station/html/812300026279"
"5654","Wörnitz-Bottenweiler","10.2296","49.2178","464.0","https://cdc.dwd.de/rest/metadata/station/html/812300027559"
"2680","Königshofen, Bad","10.445599","50.284014","289.0","https://cdc.dwd.de/rest/metadata/station/html/812300028135"
"6265","Wusterwitz","12.386695","52.361259","36.0","https://cdc.dwd.de/rest/metadata/station/html/812300031271"
"3621","Reimlingen","10.506667","48.825254","435.0","https://cdc.dwd.de/rest/metadata/station/html/812300033127"
"1440","Freiamt-Ottoschwanden","7.933639","48.20181","481.0","https://cdc.dwd.de/rest/metadata/station/html/812300034407"
"963","Diepholz","8.342405","52.588112","38.0","https://cdc.dwd.de/rest/metadata/station/html/812300036263"
"6110","Medow-Wussentin","13.4949","53.8545","11.0","https://cdc.dwd.de/rest/metadata/station/html/812300037543"
"1612","Gera-Leumnitz","12.128858","50.881268","311.0","https://cdc.dwd.de/rest/metadata/station/html/812300038119"
"4651","Seesen","10.188523","51.903973","186.0","https://cdc.dwd.de/rest/metadata/station/html/812300041255"
"848","Celle (Stadt)","10.072598","52.614642","38.0","https://cdc.dwd.de/rest/metadata/station/html/812300042535"
"3924","Pforzheim-Eutingen","8.7412","48.9059","246.0","https://cdc.dwd.de/rest/metadata/station/html/812300044391"
"52","Ahrensburg-Wulfsdorf","10.199","53.6623","46.0","https://cdc.dwd.de/rest/metadata/station/html/812300045671"
"2486","Kaiserslautern","7.755714","49.426213","271.0","https://cdc.dwd.de/rest/metadata/station/html/812300048103"
"2947","Lennestadt-Theten","8.034831","51.133253","286.0","https://cdc.dwd.de/rest/metadata/station/html/812300051239"
"4847","Steinberg","9.6902","51.3629","500.0","https://cdc.dwd.de/rest/metadata/station/html/812300052519"
"5498","Wertheim-Eichel","9.5428","49.7667","140.0","https://cdc.dwd.de/rest/metadata/station/html/812300054375"
"3166","Marienberg","13.14694","50.651004","639.0","https://cdc.dwd.de/rest/metadata/station/html/812300054951"
"4629","Schwesing","9.142","54.5166","37.0","https://cdc.dwd.de/rest/metadata/station/html/812300055655"
"6197","Lügde-Paenbruch","9.270852","51.866435","258.0","https://cdc.dwd.de/rest/metadata/station/html/812300056231"
"553","Bocholt (Marienschule)","6.6107","51.838","25.0","https://cdc.dwd.de/rest/metadata/station/html/812300057511"
"5629","Wittenberg","12.644523","51.889183","105.0","https://cdc.dwd.de/rest/metadata/station/html/812300058087"
"1048","Dresden-Klotzsche","13.754338","51.127955","227.0","https://cdc.dwd.de/rest/metadata/station/html/812300059367"
"757","Buchenbach","7.998337","47.96248","445.0","https://cdc.dwd.de/rest/metadata/station/html/812300059943"
"2422","Iserlohn-Westig","7.7644","51.3768","230.0","https://cdc.dwd.de/rest/metadata/station/html/812300062503"
"1833","Grosser Falkenstein","13.2801","49.0851","1307.0","https://cdc.dwd.de/rest/metadata/station/html/812300063079"
"1275","Ering","13.1398","48.3008","340.0","https://cdc.dwd.de/rest/metadata/station/html/812300064359"
"3257","Mergentheim, Bad-Neunkirchen","9.762223","49.477317","250.0","https://cdc.dwd.de/rest/metadata/station/html/812300064935"
"3164","Cölbe, Kr. Marburg-Biedenkopf","8.774608","50.849212","187.0","https://cdc.dwd.de/rest/metadata/station/html/812300066215"
"1246","Ennigerloh-Ostenfelde","8.060717","51.841775","104.0","https://cdc.dwd.de/rest/metadata/station/html/812300068071"
"7396","Hoherodskopf/Vogelsberg","9.224703","50.508441","743.0","https://cdc.dwd.de/rest/metadata/station/html/812300071207"
"4271","Rostock-Warnemünde","12.080806","54.180279","4.0","https://cdc.dwd.de/rest/metadata/station/html/812300076199"
"4018","Puch","11.2206","48.1877","550.0","https://cdc.dwd.de/rest/metadata/station/html/812300079335"
"867","Lautertal-Oberlauter","10.967938","50.306639","344.0","https://cdc.dwd.de/rest/metadata/station/html/812300079911"
"433","Berlin-Tempelhof","13.402115","52.467488","48.0","https://cdc.dwd.de/rest/metadata/station/html/812300083047"
"5306","Waldhäuser (National Park)","13.4641","48.9293","940.0","https://cdc.dwd.de/rest/metadata/station/html/812300084327"
"2532","Kassel","9.4424","51.2963","231.0","https://cdc.dwd.de/rest/metadata/station/html/812300087463"
"3552","Neuruppin","12.8072","52.9037","38.0","https://cdc.dwd.de/rest/metadata/station/html/812300088039"
"402","Berlin-Dahlem (LFAG)","13.2997","52.4564","55.0","https://cdc.dwd.de/rest/metadata/station/html/812300089319"
"5277","Wahlen","9.128","50.8119","349.0","https://cdc.dwd.de/rest/metadata/station/html/812300092455"
"6163","Dörnick","10.351887","54.165444","27.0","https://cdc.dwd.de/rest/metadata/station/html/812300094887"
"2878","Lauchstädt, Bad","11.878834","51.391016","118.0","https://cdc.dwd.de/rest/metadata/station/html/812300097447"
"3093","Lüchow","11.137371","52.972379","16.0","https://cdc.dwd.de/rest/metadata/station/html/812300098023"
"643","Brake-Süderfeld","8.4529","53.296","0.0","https://cdc.dwd.de/rest/metadata/station/html/812300099303"
"3519","Neuhausen ob Eck-Unterschwandorf","8.993185","47.951918","663.0","https://cdc.dwd.de/rest/metadata/station/html/812300101159"
"766","Büchel (Flugplatz)","7.059526","50.174627","477.0","https://cdc.dwd.de/rest/metadata/station/html/812300104871"
"1380","Flensburg-Mürwik","9.458","54.8147","19.0","https://cdc.dwd.de/rest/metadata/station/html/812300107431"
"1590","Geldern-Walbeck","6.246343","51.494168","37.0","https://cdc.dwd.de/rest/metadata/station/html/812300108007"
"3815","Osnabrück","8.0534","52.2553","95.0","https://cdc.dwd.de/rest/metadata/station/html/812300109287"
"5250","Vogtsburg-Oberrotweil","7.635268","48.090768","223.0","https://cdc.dwd.de/rest/metadata/station/html/812300111143"
"3537","Neumünster","9.9791","54.0873","26.0","https://cdc.dwd.de/rest/metadata/station/html/812300112423"
"3821","Osterfeld","11.929202","51.087299","246.0","https://cdc.dwd.de/rest/metadata/station/html/812300114855"
"840","Carlsfeld","12.611403","50.431326","897.0","https://cdc.dwd.de/rest/metadata/station/html/812300116135"
"15000","Aachen-Orsbach","6.02439","50.798281","231.0","https://cdc.dwd.de/rest/metadata/station/html/812300117991"
"1201","Elsdorf/Erftkreis","6.5646","50.9281","85.0","https://cdc.dwd.de/rest/metadata/station/html/812300119271"
"5779","Zinnwald-Georgenfeld","13.751594","50.731376","877.0","https://cdc.dwd.de/rest/metadata/station/html/812300119847"
"652","Hagenbüchach","10.7706","49.5353","384.0","https://cdc.dwd.de/rest/metadata/station/html/812300121127"
"2485","Kaisersbach-Cronhütte","9.687101","48.917038","489.0","https://cdc.dwd.de/rest/metadata/station/html/812300121703"
"1580","Geisenheim","7.954826","49.985894","110.0","https://cdc.dwd.de/rest/metadata/station/html/812300122983"
"2349","Hornisgrinde","8.203343","48.613637","1138.0","https://cdc.dwd.de/rest/metadata/station/html/812300124839"
"4094","Weingarten, Kr. Ravensburg","9.620574","47.806215","440.0","https://cdc.dwd.de/rest/metadata/station/html/812300126695"
"5133","Twistetal-Mühlhausen","8.913191","51.3344","295.0","https://cdc.dwd.de/rest/metadata/station/html/812300127975"
"2783","Kumhausen","12.1513","48.5126","436.0","https://cdc.dwd.de/rest/metadata/station/html/812300131111"
"1759","Greifswalder Oie","13.9102","54.2437","12.0","https://cdc.dwd.de/rest/metadata/station/html/812300132967"
"5941","Reit im Winkl","12.469775","47.675415","686.0","https://cdc.dwd.de/rest/metadata/station/html/812300134823"
"3666","Nürnberg-Buchenbuehl","11.107","49.5008","335.0","https://cdc.dwd.de/rest/metadata/station/html/812300136103"
"154","Amerang-Pfaffing","12.292473","48.019737","516.0","https://cdc.dwd.de/rest/metadata/station/html/812300136679"
"7351","Feldberg/Mecklenburg","13.417466","53.317538","115.0","https://cdc.dwd.de/rest/metadata/station/html/812300137959"
"1987","Hamburg-Sankt Pauli","9.9662","53.5467","47.0","https://cdc.dwd.de/rest/metadata/station/html/812300139239"
"4705","Silberhütte","12.3891","49.7595","819.0","https://cdc.dwd.de/rest/metadata/station/html/812300141095"
"1550","Garmisch-Partenkirchen","11.062126","47.482989","719.0","https://cdc.dwd.de/rest/metadata/station/html/812300141671"
"4393","Sankt Peter-Ording","8.603056","54.327907","5.0","https://cdc.dwd.de/rest/metadata/station/html/812300142951"
"1619","Gernsheim","8.488697","49.762199","90.0","https://cdc.dwd.de/rest/metadata/station/html/812300144231"
"5802","Zwieselberg","13.2137","49.0007","615.0","https://cdc.dwd.de/rest/metadata/station/html/812300146087"
"2750","Kronach","11.32093","50.252336","312.0","https://cdc.dwd.de/rest/metadata/station/html/812300146663"
"706","Eschbach","7.6611","47.8858","234.0","https://cdc.dwd.de/rest/metadata/station/html/812300147943"
"3776","Offenbach/M. (Stadt)","8.7546","50.0946","110.0","https://cdc.dwd.de/rest/metadata/station/html/812300149223"
"691","Bremen","8.797904","53.045015","4.0","https://cdc.dwd.de/rest/metadata/station/html/812300149799"
"3679","Kiefersfelden-Gach","12.166532","47.618701","518.0","https://cdc.dwd.de/rest/metadata/station/html/812300151655"
"1503","Friesoythe-Altenoythe","7.902205","53.064299","6.0","https://cdc.dwd.de/rest/metadata/station/html/812300154791"
"2252","Bertsdorf-Hörnitz","14.745653","50.899046","270.0","https://cdc.dwd.de/rest/metadata/station/html/812300156071"
"2925","Leinefelde","10.312345","51.393291","356.0","https://cdc.dwd.de/rest/metadata/station/html/812300156647"
"3001","Liliental","7.677","48.0674","284.0","https://cdc.dwd.de/rest/metadata/station/html/812300157927"
"555","Bochum","7.269714","51.478883","101.0","https://cdc.dwd.de/rest/metadata/station/html/812300164775"
"3167","Marienberg, Bad","7.96026","50.662059","547.0","https://cdc.dwd.de/rest/metadata/station/html/812300166631"
"2302","Hohlstedt-Kötschau","11.4847","50.9632","317.0","https://cdc.dwd.de/rest/metadata/station/html/812300168487"
"2912","Lehbek","9.8791","54.7419","9.0","https://cdc.dwd.de/rest/metadata/station/html/812300169191"
"3031","Lippstadt-Bökenförde","8.39445","51.633617","92.0","https://cdc.dwd.de/rest/metadata/station/html/812300169767"
"5236","Visbek","8.3112","52.8318","51.0","https://cdc.dwd.de/rest/metadata/station/html/812300171047"
"1544","Gardelegen","11.394131","52.512914","47.0","https://cdc.dwd.de/rest/metadata/station/html/812300171623"
"7106","Bielefeld-Deppendorf","8.456493","52.071449","105.0","https://cdc.dwd.de/rest/metadata/station/html/812300174759"
"599","Bonn-Friesdorf","7.1467","50.7055","62.0","https://cdc.dwd.de/rest/metadata/station/html/812300176039"
"1050","Dresden-Hosterwitz","13.847042","51.022075","114.0","https://cdc.dwd.de/rest/metadata/station/html/812300177895"
"2665","Köln-Botanischer Garten","6.9712","50.9615","45.0","https://cdc.dwd.de/rest/metadata/station/html/812300181031"
"3211","Mauth-Finsterau","13.574714","48.935904","1011.0","https://cdc.dwd.de/rest/metadata/station/html/812300181607"
"3362","Mühlacker","8.873387","48.97207","244.0","https://cdc.dwd.de/rest/metadata/station/html/812300183463"
"2928","Leipzig-Holzhausen","12.446226","51.315067","138.0","https://cdc.dwd.de/rest/metadata/station/html/812300186023"
"2417","Mittbach","12.0307","48.1644","621.0","https://cdc.dwd.de/rest/metadata/station/html/812300187879"
"4928","Stuttgart (Schnarrenberg)","9.200028","48.828085","314.0","https://cdc.dwd.de/rest/metadata/station/html/812300188455"
"167","Anklam","13.684647","53.84119","9.0","https://cdc.dwd.de/rest/metadata/station/html/812300189735"
"5397","Weiden","12.184464","49.666262","440.0","https://cdc.dwd.de/rest/metadata/station/html/812300191591"
"3382","München-Bogenhausen","11.6","48.1441","521.0","https://cdc.dwd.de/rest/metadata/station/html/812300192871"
"7403","Leutkirch-Herlazhofen","10.032433","47.795509","672.0","https://cdc.dwd.de/rest/metadata/station/html/812300193447"
"5097","Tribsees","12.767516","54.066058","10.0","https://cdc.dwd.de/rest/metadata/station/html/812300194727"
"7369","Feuchtwangen-Heilbronn","10.366126","49.162297","475.0","https://cdc.dwd.de/rest/metadata/station/html/812300196583"
"2564","Kiel-Holtenau","10.142375","54.377582","28.0","https://cdc.dwd.de/rest/metadata/station/html/812300199719"
"771","Büdingen","9.1167","50.2769","148.0","https://cdc.dwd.de/rest/metadata/station/html/812300200999"
"427","Berlin-Schönefeld","13.530609","52.380698","46.0","https://cdc.dwd.de/rest/metadata/station/html/812300201575"
"72","Albstadt-Onstmettingen","9.0001","48.2766","794.0","https://cdc.dwd.de/rest/metadata/station/html/812300204711"
"3004","Limburg/Lahn-Offheim","8.0605","50.4116","185.0","https://cdc.dwd.de/rest/metadata/station/html/812300205991"
"5643","Wittstock-Rote Mühle","12.494905","53.186438","66.0","https://cdc.dwd.de/rest/metadata/station/html/812300206567"
"3379","München-Stadt","11.542893","48.163202","515.0","https://cdc.dwd.de/rest/metadata/station/html/812300208423"
"1239","Engen/Hegau","8.7673","47.8516","540.0","https://cdc.dwd.de/rest/metadata/station/html/812300209703"
"704","Bremervörde","9.13903","53.445118","11.0","https://cdc.dwd.de/rest/metadata/station/html/812300211559"
"5088","Trent","13.246","54.5337","3.0","https://cdc.dwd.de/rest/metadata/station/html/812300212839"
"198","Artern","11.291977","51.374461","164.0","https://cdc.dwd.de/rest/metadata/station/html/812300213415"
"2522","Karlsruhe","8.3641","49.0382","112.0","https://cdc.dwd.de/rest/metadata/station/html/812300214695"
"3612","Nienburg","9.22291","52.671083","25.0","https://cdc.dwd.de/rest/metadata/station/html/812300216551"
"661","Braunschweig (T.H.)","10.5334","52.2708","75.0","https://cdc.dwd.de/rest/metadata/station/html/812300217831"
"7099","Liebenburg-Othfresen","10.396557","52.011142","187.0","https://cdc.dwd.de/rest/metadata/station/html/812300221543"
"2483","Kahler Asten","8.489068","51.180254","839.0","https://cdc.dwd.de/rest/metadata/station/html/812300226535"
"4288","Rothenfelde, Bad","8.180841","52.103832","95.0","https://cdc.dwd.de/rest/metadata/station/html/812300227815"
"5100","Trier-Petrisberg","6.658227","49.747889","265.0","https://cdc.dwd.de/rest/metadata/station/html/812300228391"
"5429","Weinsberg","9.292","49.1512","219.0","https://cdc.dwd.de/rest/metadata/station/html/812300229671"
"4752","Sonneberg-Neufang","11.1828","50.3746","626.0","https://cdc.dwd.de/rest/metadata/station/html/812300230247"
"98","Altastenberg","8.4671","51.189","780.0","https://cdc.dwd.de/rest/metadata/station/html/812300232807"
"4445","Wernigerode-Schierke","10.65328","51.765838","609.0","https://cdc.dwd.de/rest/metadata/station/html/812300233383"
"175","Ansbach","10.5751","49.2964","413.0","https://cdc.dwd.de/rest/metadata/station/html/812300234663"
"71","Albstadt-Badkap","8.9784","48.2156","759.0","https://cdc.dwd.de/rest/metadata/station/html/812300235239"
"6314","Nossen","13.300267","51.050689","308.0","https://cdc.dwd.de/rest/metadata/station/html/812300238375"
"851","Pemfling-Pitzling","12.604179","49.25044","392.0","https://cdc.dwd.de/rest/metadata/station/html/812300239655"
"2712","Konstanz","9.190011","47.677388","443.0","https://cdc.dwd.de/rest/metadata/station/html/812300240231"
"1346","Feldberg/Schwarzwald","8.003817","47.874893","1490.0","https://cdc.dwd.de/rest/metadata/station/html/812300243367"
"2069","Hausstein","13.067","48.8629","648.0","https://cdc.dwd.de/rest/metadata/station/html/812300244647"
"4175","Rheinfelden","7.772105","47.558997","282.0","https://cdc.dwd.de/rest/metadata/station/html/812300245223"
"5371","Wasserkuppe","9.942739","50.497277","921.0","https://cdc.dwd.de/rest/metadata/station/html/812300246503"
"1513","Fuchskauten","8.1027","50.6588","653.0","https://cdc.dwd.de/rest/metadata/station/html/812300247783"
"4704","Sigmarszell-Zeisertsweiler","9.740431","47.577601","507.0","https://cdc.dwd.de/rest/metadata/station/html/812300248359"
"2920","Leiblfing","12.5121","48.7654","365.0","https://cdc.dwd.de/rest/metadata/station/html/812300249639"
"6259","Großerlach-Mannenweiler","9.603252","49.021043","524.0","https://cdc.dwd.de/rest/metadata/station/html/812300250215"
"232","Augsburg","10.942011","48.425393","461.0","https://cdc.dwd.de/rest/metadata/station/html/812300255207"
"1666","Glücksburg-Meierwik","9.5058","54.8273","12.0","https://cdc.dwd.de/rest/metadata/station/html/812300256487"
"2932","Leipzig/Halle","12.239622","51.43479","131.0","https://cdc.dwd.de/rest/metadata/station/html/812300257767"
"403","Berlin-Dahlem (FU)","13.301731","52.453711","51.0","https://cdc.dwd.de/rest/metadata/station/html/812300258343"
"1735","Grainet-Rehberg","13.629026","48.78935","628.0","https://cdc.dwd.de/rest/metadata/station/html/812300260199"
"3083","Lübben-Blumenfelde","13.879699","51.926689","57.0","https://cdc.dwd.de/rest/metadata/station/html/812300263335"
"1207","Elster, Bad-Sohl","12.274185","50.27046","560.0","https://cdc.dwd.de/rest/metadata/station/html/812300269607"
"2081","Königstuhl","8.7251","49.3981","561.0","https://cdc.dwd.de/rest/metadata/station/html/812300271463"
"2174","Herzberg","10.369512","51.625476","238.0","https://cdc.dwd.de/rest/metadata/station/html/812300273319"
"327","Bederkesa","8.8323","53.6234","27.0","https://cdc.dwd.de/rest/metadata/station/html/812300274599"
"3231","Meiningen","10.377105","50.561159","450.0","https://cdc.dwd.de/rest/metadata/station/html/812300275175"
"3425","Murrhardt","9.5708","48.9729","344.0","https://cdc.dwd.de/rest/metadata/station/html/812300276455"
"888","Crimmitschau","12.3821","50.8149","269.0","https://cdc.dwd.de/rest/metadata/station/html/812300277735"
"5640","Wittmundhafen","7.667164","53.550377","8.0","https://cdc.dwd.de/rest/metadata/station/html/812300278311"
"1219","Emden-Nesserland","7.1909","53.3449","5.0","https://cdc.dwd.de/rest/metadata/station/html/812300279591"
"150","Alzey","8.116356","49.7273","215.0","https://cdc.dwd.de/rest/metadata/station/html/812300280167"
"4294","Rottenburg-Kiebingen","8.968677","48.470428","360.0","https://cdc.dwd.de/rest/metadata/station/html/812300281447"
"5078","Travemünde","10.889158","53.961947","2.0","https://cdc.dwd.de/rest/metadata/station/html/812300282023"
"1078","Düsseldorf","6.768648","51.295952","37.0","https://cdc.dwd.de/rest/metadata/station/html/812300283303"
"3660","Nürburg-Barweiler","6.869676","50.360141","485.0","https://cdc.dwd.de/rest/metadata/station/html/812300285159"
"5120","Tübingen","9.0515","48.5198","370.0","https://cdc.dwd.de/rest/metadata/station/html/812300286439"
"2044","Harzgerode","11.136687","51.651998","404.0","https://cdc.dwd.de/rest/metadata/station/html/812300290151"
"131","Geringswalde-Altgeringswalde","12.932614","51.088055","296.0","https://cdc.dwd.de/rest/metadata/station/html/812300291431"
"2475","Jüterbog","13.100929","52.000007","75.0","https://cdc.dwd.de/rest/metadata/station/html/812300292007"
"1032","Dortmund","7.5345","51.512","120.0","https://cdc.dwd.de/rest/metadata/station/html/812300294567"
"1468","Freudenstadt","8.408952","48.453828","797.0","https://cdc.dwd.de/rest/metadata/station/html/812300296999"
"1297","Eschwege","10.013767","51.204132","156.0","https://cdc.dwd.de/rest/metadata/station/html/812300298279"
"3101","Lüdinghausen","7.4128","51.7694","58.0","https://cdc.dwd.de/rest/metadata/station/html/812300299559"
"1403","Frammersbach","9.455","50.0616","260.0","https://cdc.dwd.de/rest/metadata/station/html/812300301415"
"450","Bernkastel-Kues","7.0664","49.9186","120.0","https://cdc.dwd.de/rest/metadata/station/html/812300304551"
"2543","Kaufering","10.8609","48.0916","585.0","https://cdc.dwd.de/rest/metadata/station/html/812300306407"
"591","Boizenburg","10.687761","53.391084","45.0","https://cdc.dwd.de/rest/metadata/station/html/812300308263"
"3576","Neustadt/Weinstraße (Heidehof)","8.1822","49.3478","125.0","https://cdc.dwd.de/rest/metadata/station/html/812300309543"
"5538","Wielenbach (Demollstr.)","11.157574","47.882705","550.0","https://cdc.dwd.de/rest/metadata/station/html/812300310119"
"73","Aldersbach-Kriestorf","13.050637","48.615918","340.0","https://cdc.dwd.de/rest/metadata/station/html/812300311975"
"5349","Waren (Müritz)","12.665404","53.519622","73.0","https://cdc.dwd.de/rest/metadata/station/html/812300313255"
"1972","Hamburg-Bergedorf","10.2415","53.4793","35.0","https://cdc.dwd.de/rest/metadata/station/html/812300314535"
"7395","Gottfrieding","12.538816","48.659461","350.0","https://cdc.dwd.de/rest/metadata/station/html/812300315111"
"1279","Möhrendorf-Kleinseebach","11.007445","49.649744","268.0","https://cdc.dwd.de/rest/metadata/station/html/812300316967"
"3032","List auf Sylt","8.412531","55.010989","25.0","https://cdc.dwd.de/rest/metadata/station/html/812300318247"
"1421","Frankfurt/Main (Stadt)","8.6746","50.1474","125.0","https://cdc.dwd.de/rest/metadata/station/html/812300319527"
"1869","Grünow","13.933754","53.315317","56.0","https://cdc.dwd.de/rest/metadata/station/html/812300320103"
"3904","Perl-Nennig","6.378874","49.535353","152.0","https://cdc.dwd.de/rest/metadata/station/html/812300323239"
"3300","Mittel-Gründau","9.1064","50.2285","155.0","https://cdc.dwd.de/rest/metadata/station/html/812300324519"
"6170","Coschen","14.725443","52.019183","40.0","https://cdc.dwd.de/rest/metadata/station/html/812300325095"
"3571","Neustadt am Kulm-Filchendorf","11.863809","49.817385","452.0","https://cdc.dwd.de/rest/metadata/station/html/812300326951"
"1276","Eriskirch-Mariabrunn","9.5392","47.6358","408.0","https://cdc.dwd.de/rest/metadata/station/html/812300328231"
"891","Cuxhaven","8.705821","53.871254","5.0","https://cdc.dwd.de/rest/metadata/station/html/812300330087"
"5778","Zinnowitz","13.8989","54.0801","2.0","https://cdc.dwd.de/rest/metadata/station/html/812300331367"
"4275","Rotenburg (Wümme)","9.339751","53.128845","32.0","https://cdc.dwd.de/rest/metadata/station/html/812300335079"
"760","Rosengarten-Klecken","9.943536","53.362898","82.0","https://cdc.dwd.de/rest/metadata/station/html/812300336359"
"7432","Wittingen-Vorhop","10.662715","52.642293","72.0","https://cdc.dwd.de/rest/metadata/station/html/812300340071"
"2689","Königsmoor","9.652723","53.227933","40.0","https://cdc.dwd.de/rest/metadata/station/html/812300341351"
"2565","Kiel-Kronshagen","10.0929","54.3378","17.0","https://cdc.dwd.de/rest/metadata/station/html/812300344487"
"2667","Köln-Bonn","7.157488","50.864559","92.0","https://cdc.dwd.de/rest/metadata/station/html/812300345063"
"4571","Schulenberg","10.4312","51.8369","504.0","https://cdc.dwd.de/rest/metadata/station/html/812300346343"
"5871","Hahn","7.264522","49.946242","497.0","https://cdc.dwd.de/rest/metadata/station/html/812300346919"
"4484","Schmalenbeck","10.2543","53.6615","45.0","https://cdc.dwd.de/rest/metadata/station/html/812300349479"
"386","Berleburg, Bad","8.3851","51.0454","445.0","https://cdc.dwd.de/rest/metadata/station/html/812300351335"
"5490","Wernigerode","10.768627","51.845421","233.0","https://cdc.dwd.de/rest/metadata/station/html/812300351911"
"755","Buchen, Kr. Neckar-Odenwald","9.32127","49.518196","340.0","https://cdc.dwd.de/rest/metadata/station/html/812300353767"
"1975","Hamburg-Fuhlsbüttel","9.988085","53.633187","14.0","https://cdc.dwd.de/rest/metadata/station/html/812300355047"
"7393","Hoyerswerda","14.253251","51.449321","116.0","https://cdc.dwd.de/rest/metadata/station/html/812300356903"
"4649","Seelscheid","7.3228","50.8698","214.0","https://cdc.dwd.de/rest/metadata/station/html/812300361319"
"4127","Reichshof-Eckenhagen","7.695847","50.990636","350.0","https://cdc.dwd.de/rest/metadata/station/html/812300361895"
"4300","Rottweil","8.635558","48.181445","588.0","https://cdc.dwd.de/rest/metadata/station/html/812300363751"
"7341","Offenbach-Wetterpark","8.786189","50.090012","119.0","https://cdc.dwd.de/rest/metadata/station/html/812300365031"
"3056","Lohr/Main-Steinbach","9.61","50.0103","161.0","https://cdc.dwd.de/rest/metadata/station/html/812300368167"
"4024","Putbus","13.47709","54.36426","40.0","https://cdc.dwd.de/rest/metadata/station/html/812300370023"
"4339","Saarbrücken-Sankt Johann","7.0168","49.2231","193.0","https://cdc.dwd.de/rest/metadata/station/html/812300371303"
"7075","Elsendorf-Horneck","11.849253","48.701956","429.0","https://cdc.dwd.de/rest/metadata/station/html/812300371879"
"856","Chieming","12.540368","47.884257","551.0","https://cdc.dwd.de/rest/metadata/station/html/812300373735"
"2303","Hohn","9.538997","54.314596","10.0","https://cdc.dwd.de/rest/metadata/station/html/812300375015"
"430","Berlin-Tegel","13.308848","52.564412","36.0","https://cdc.dwd.de/rest/metadata/station/html/812300376871"
"5185","Uttenreuth","11.0704","49.5933","291.0","https://cdc.dwd.de/rest/metadata/station/html/812300378151"
"2290","Hohenpeißenberg","11.010819","47.800869","977.0","https://cdc.dwd.de/rest/metadata/station/html/812300378727"
"6105","Ostenfeld (Rendsburg)","9.80512","54.319385","14.0","https://cdc.dwd.de/rest/metadata/station/html/812300380007"
"3271","Metten","12.918911","48.85476","314.0","https://cdc.dwd.de/rest/metadata/station/html/812300383719"
"4765","Sooden-Allendorf, Bad","9.984901","51.280111","199.0","https://cdc.dwd.de/rest/metadata/station/html/812300386279"
"342","Belm","8.16943","52.317043","103.0","https://cdc.dwd.de/rest/metadata/station/html/812300386855"
"3975","Pommelsbrunn-Mittelburg","11.53572","49.477716","522.0","https://cdc.dwd.de/rest/metadata/station/html/812300388711"
"2701","Kösen, Bad","11.7252","51.1329","136.0","https://cdc.dwd.de/rest/metadata/station/html/812300391271"
"3044","Löningen","7.7472","52.7198","22.0","https://cdc.dwd.de/rest/metadata/station/html/812300391847"
"642","Brake","8.496926","53.351708","1.0","https://cdc.dwd.de/rest/metadata/station/html/812300393127"
"4464","Schleiz","11.804085","50.567906","501.0","https://cdc.dwd.de/rest/metadata/station/html/812300393703"
"3518","Neuhausen ob Eck","8.9101","47.976","793.0","https://cdc.dwd.de/rest/metadata/station/html/812300394983"
"2166","Herrnhut","14.75","51.0167","344.0","https://cdc.dwd.de/rest/metadata/station/html/812300396263"
"5839","Emden","7.228703","53.388079","0.0","https://cdc.dwd.de/rest/metadata/station/html/812300396839"
"535","Blankenrath","7.307861","50.037229","417.0","https://cdc.dwd.de/rest/metadata/station/html/812300398695"
"2985","Lichtenhain-Mittelndorf","14.209276","50.938331","321.0","https://cdc.dwd.de/rest/metadata/station/html/812300400551"
"1379","Flensburg (Schäferhaus)","9.375236","54.773652","41.0","https://cdc.dwd.de/rest/metadata/station/html/812300401255"
"1327","Weilerswist-Lommersum","6.790489","50.711886","147.0","https://cdc.dwd.de/rest/metadata/station/html/812300401831"
"3791","Oldenburg","8.1824","53.1763","11.0","https://cdc.dwd.de/rest/metadata/station/html/812300403111"
"5138","Überlingen/Bodensee","9.1562","47.7713","446.0","https://cdc.dwd.de/rest/metadata/station/html/812300404967"
"3532","Neuland","10.6015","54.3609","4.0","https://cdc.dwd.de/rest/metadata/station/html/812300406247"
"5832","Dannenberg","11.0455","53.1007","50.0","https://cdc.dwd.de/rest/metadata/station/html/812300408103"
"314","Kubschütz, Kr. Bautzen","14.504184","51.160383","234.0","https://cdc.dwd.de/rest/metadata/station/html/812300409959"
"5463","Wellmitz","14.6898","52.0654","58.0","https://cdc.dwd.de/rest/metadata/station/html/812300410535"
"3946","Plauen","12.130014","50.481883","386.0","https://cdc.dwd.de/rest/metadata/station/html/812300413671"
"2074","Hechingen","8.980031","48.375242","518.0","https://cdc.dwd.de/rest/metadata/station/html/812300415527"
"1504","Fritzlar (Flugplatz)","9.279907","51.119021","172.0","https://cdc.dwd.de/rest/metadata/station/html/812300416807"
"3404","Münster","7.5906","51.9494","62.0","https://cdc.dwd.de/rest/metadata/station/html/812300418087"
"5291","Waldau-Jostal","8.1558","47.976","1005.0","https://cdc.dwd.de/rest/metadata/station/html/812300418663"
"1586","Traunstein-Geißing","12.6279","47.8774","610.0","https://cdc.dwd.de/rest/metadata/station/html/812300419943"
"3927","Pfullendorf","9.28694","47.934445","630.0","https://cdc.dwd.de/rest/metadata/station/html/812300420519"
"5664","Wolfach","8.239094","48.295289","291.0","https://cdc.dwd.de/rest/metadata/station/html/812300425511"
"1757","Greifswald","13.405576","54.096736","2.0","https://cdc.dwd.de/rest/metadata/station/html/812300426791"
"4474","Schlossböckelheim","7.7583","49.7961","170.0","https://cdc.dwd.de/rest/metadata/station/html/812300428071"
"5856","Fürstenzell","13.353159","48.545114","476.0","https://cdc.dwd.de/rest/metadata/station/html/812300428647"
"151","Amberg-Unterammersricht","11.854626","49.469061","382.0","https://cdc.dwd.de/rest/metadata/station/html/812300430503"
"6310","Karlshagen","13.823906","54.104896","1.0","https://cdc.dwd.de/rest/metadata/station/html/812300431783"
"4664","Selb/Oberfranken-Wildenau","12.1727","50.1969","611.0","https://cdc.dwd.de/rest/metadata/station/html/812300434919"
"1473","Freystadt-Michelbach","11.308043","49.186949","414.0","https://cdc.dwd.de/rest/metadata/station/html/812300435495"
"4039","Quickborn","9.87757","53.733089","11.0","https://cdc.dwd.de/rest/metadata/station/html/812300436775"
"2794","Kyritz","12.409342","52.936312","40.0","https://cdc.dwd.de/rest/metadata/station/html/812300438631"
"2708","Kohlgrub, Bad (Rosshof)","11.080459","47.665187","742.0","https://cdc.dwd.de/rest/metadata/station/html/812300440487"
"3744","Oberweser-Gieselwerder","9.5383","51.6018","125.0","https://cdc.dwd.de/rest/metadata/station/html/812300443047"
"7389","Heckelberg","13.842702","52.746142","82.0","https://cdc.dwd.de/rest/metadata/station/html/812300443623"
"3668","Nürnberg","11.054923","49.503031","314.0","https://cdc.dwd.de/rest/metadata/station/html/812300445479"
"1490","Friedrichshafen","9.479522","47.645363","394.0","https://cdc.dwd.de/rest/metadata/station/html/812300446759"
"1451","Freiburg/Elbe","9.249276","53.827696","2.0","https://cdc.dwd.de/rest/metadata/station/html/812300448615"
"1684","Görlitz","14.950565","51.162151","238.0","https://cdc.dwd.de/rest/metadata/station/html/812300449895"
"2996","Liebenzell, Bad (LUBW)","8.7287","48.7726","352.0","https://cdc.dwd.de/rest/metadata/station/html/812300451751"
"865","Cloppenburg","8.0624","52.8441","42.0","https://cdc.dwd.de/rest/metadata/station/html/812300454887"
"7368","Eisenach","10.362107","51.000728","312.0","https://cdc.dwd.de/rest/metadata/station/html/812300455463"
"390","Berleburg, Bad-Stünzel","8.368331","50.983713","610.0","https://cdc.dwd.de/rest/metadata/station/html/812300458599"
"3155","Manderscheid-Sonnenhof","6.800909","50.101542","413.0","https://cdc.dwd.de/rest/metadata/station/html/812300460455"
"4933","Stuttgart-Hohenheim","9.214712","48.709127","401.0","https://cdc.dwd.de/rest/metadata/station/html/812300461735"
"2906","Leck (A)","8.9808","54.775","5.0","https://cdc.dwd.de/rest/metadata/station/html/812300463015"
"3028","Lippspringe, Bad","8.838777","51.785459","157.0","https://cdc.dwd.de/rest/metadata/station/html/812300463591"
"6337","Lüdinghausen-Brochtrup","7.519387","51.766342","59.0","https://cdc.dwd.de/rest/metadata/station/html/812300468583"
"598","Bonn","7.0839","50.7285","62.0","https://cdc.dwd.de/rest/metadata/station/html/812300469863"
"1214","Elzach-Fisnacht","8.108865","48.201171","440.0","https://cdc.dwd.de/rest/metadata/station/html/812300472295"
"330","Oberzent-Beerfelden","8.967329","49.561729","455.0","https://cdc.dwd.de/rest/metadata/station/html/812300473575"
"5467","Wendelstein","12.0119","47.7035","1832.0","https://cdc.dwd.de/rest/metadata/station/html/812300475431"
"3278","Metzingen","9.273366","48.537658","354.0","https://cdc.dwd.de/rest/metadata/station/html/812300477287"
"3287","Michelstadt-Vielbrunn","9.099689","49.717633","453.0","https://cdc.dwd.de/rest/metadata/station/html/812300478567"
"2360","Hüll","11.6769","48.6018","438.0","https://cdc.dwd.de/rest/metadata/station/html/812300481703"
"4887","Stötten","9.864791","48.665587","734.0","https://cdc.dwd.de/rest/metadata/station/html/812300482279"
"15207","Schauenburg-Elgershausen","9.358959","51.283452","317.0","https://cdc.dwd.de/rest/metadata/station/html/812300483559"
"3076","Ludwigshafen-Mundenheim","8.4246","49.4606","95.0","https://cdc.dwd.de/rest/metadata/station/html/812300484839"
"7331","Hermaringen-Allewind","10.26737","48.609881","468.0","https://cdc.dwd.de/rest/metadata/station/html/812300487271"
"5009","Teterow","12.557403","53.761044","38.0","https://cdc.dwd.de/rest/metadata/station/html/812300488551"
"4425","Schaumberg-Tholey","7.029","49.4864","569.0","https://cdc.dwd.de/rest/metadata/station/html/812300489831"
"4125","Reichenhall, Bad","12.874","47.7238","470.0","https://cdc.dwd.de/rest/metadata/station/html/812300491687"
"2437","Schleswig-Jagel","9.520316","54.45696","21.0","https://cdc.dwd.de/rest/metadata/station/html/812300493543"
"303","Baruth","13.499617","52.061419","55.0","https://cdc.dwd.de/rest/metadata/station/html/812300495399"
"460","Berus","6.68677","49.264065","363.0","https://cdc.dwd.de/rest/metadata/station/html/812300498535"
"5546","Wiesenburg","12.458539","52.120651","187.0","https://cdc.dwd.de/rest/metadata/station/html/812300500391"
"417","Berlin-Lichterfelde (Süd)","13.3036","52.4144","43.0","https://cdc.dwd.de/rest/metadata/station/html/812300501671"
"3366","Mühldorf","12.502407","48.278982","406.0","https://cdc.dwd.de/rest/metadata/station/html/812300502247"
"662","Braunschweig","10.446448","52.291469","81.0","https://cdc.dwd.de/rest/metadata/station/html/812300505383"
"3577","Neustrelitz","13.0502","53.3585","64.0","https://cdc.dwd.de/rest/metadata/station/html/812300506663"
"4373","Salzwedel","11.131857","52.856828","29.0","https://cdc.dwd.de/rest/metadata/station/html/812300509799"
"660","Braunschweig-Gliesmarode","10.5656","52.2744","83.0","https://cdc.dwd.de/rest/metadata/station/html/812300511655"
"4605","Schwarzburg","11.193618","50.64406","277.0","https://cdc.dwd.de/rest/metadata/station/html/812300512231"
"3671","Nürtingen","9.3261","48.6321","280.0","https://cdc.dwd.de/rest/metadata/station/html/812300513511"
"3883","Pausa-Unterreichenau","11.9966","50.5999","442.0","https://cdc.dwd.de/rest/metadata/station/html/812300514791"
"6159","Dörpen","7.319582","52.954182","8.0","https://cdc.dwd.de/rest/metadata/station/html/812300515367"
"2120","Helmstedt","11.0219","52.2164","140.0","https://cdc.dwd.de/rest/metadata/station/html/812300516647"
"4582","Schwäbisch Hall-Bibersfeld","9.68915","49.082287","358.0","https://cdc.dwd.de/rest/metadata/station/html/812300518503"
"4029","Quakenbrück","7.9544","52.6691","25.0","https://cdc.dwd.de/rest/metadata/station/html/812300521639"
"5099","Trier-Zewen","6.613147","49.732632","132.0","https://cdc.dwd.de/rest/metadata/station/html/812300522215"
"4748","Sondershausen","10.9059","51.352","221.0","https://cdc.dwd.de/rest/metadata/station/html/812300524071"
"4038","Quickborn (Kurzer Kamp)","9.9071","53.7276","27.0","https://cdc.dwd.de/rest/metadata/station/html/812300524775"
"3","Aachen","6.0941","50.7827","202.0","https://cdc.dwd.de/rest/metadata/station/html/812300526631"
"5433","Weiskirchen/Saar","6.811951","49.553365","380.0","https://cdc.dwd.de/rest/metadata/station/html/812300530343"
"1891","Rheda-Wiedenbrück-Lintel","8.357663","51.87707","73.0","https://cdc.dwd.de/rest/metadata/station/html/812300531623"
"2638","Klippeneck","8.754788","48.105397","973.0","https://cdc.dwd.de/rest/metadata/station/html/812300534055"
"4100","Recklinghausen","7.182","51.6243","109.0","https://cdc.dwd.de/rest/metadata/station/html/812300536615"
"722","Brocken","10.618265","51.79862","1134.0","https://cdc.dwd.de/rest/metadata/station/html/812300537191"
"1844","Feldkirchen-Westerham-Lenzmühle","11.90044","47.94114","517.0","https://cdc.dwd.de/rest/metadata/station/html/812300538471"
"4169","Rheinau-Memprechtshofen","7.993875","48.67025","131.0","https://cdc.dwd.de/rest/metadata/station/html/812300539047"
"5300","Waldems-Reinborn","8.360676","50.259603","380.0","https://cdc.dwd.de/rest/metadata/station/html/812300540327"
"4592","Schwandorf","12.087053","49.327835","356.0","https://cdc.dwd.de/rest/metadata/station/html/812300542183"
"2831","Landshut","12.1132","48.5357","393.0","https://cdc.dwd.de/rest/metadata/station/html/812300543463"
"6258","Friedrichshafen-Unterraderach","9.440886","47.684489","459.0","https://cdc.dwd.de/rest/metadata/station/html/812300544039"
"2201","Hiddensee-Vitte","13.104393","54.574957","1.0","https://cdc.dwd.de/rest/metadata/station/html/812300545319"
"14311","Hersdorf-Weißenseifen","6.552789","50.149979","530.0","https://cdc.dwd.de/rest/metadata/station/html/812300546599"
"6312","Markt Erlbach-Mosbach","10.641826","49.531414","362.0","https://cdc.dwd.de/rest/metadata/station/html/812300547175"
"3735","Obertaufkirchen","12.276","48.2635","455.0","https://cdc.dwd.de/rest/metadata/station/html/812300548455"
"217","Attenkam","11.364245","47.877407","672.0","https://cdc.dwd.de/rest/metadata/station/html/812300549031"
"1266","Erfde","9.316185","54.299212","18.0","https://cdc.dwd.de/rest/metadata/station/html/812300550311"
"400","Berlin-Buch","13.50215","52.630941","60.0","https://cdc.dwd.de/rest/metadata/station/html/812300552167"
"4896","Wagersrott","9.805022","54.665383","40.0","https://cdc.dwd.de/rest/metadata/station/html/812300555303"
"3015","Lindenberg","14.117973","52.208491","98.0","https://cdc.dwd.de/rest/metadata/station/html/812300557159"
"5904","Mainburg","11.7772","48.6493","431.0","https://cdc.dwd.de/rest/metadata/station/html/812300558439"
"2829","Landsberg (Flugplatz)","10.9144","48.0772","621.0","https://cdc.dwd.de/rest/metadata/station/html/812300559015"
"4336","Saarbrücken-Ensheim","7.107712","49.212803","320.0","https://cdc.dwd.de/rest/metadata/station/html/812300560295"
"44","Großenkneten","8.237038","52.933597","44.0","https://cdc.dwd.de/rest/metadata/station/html/812300562151"
"1051","Dresden-Strehlen","13.774985","51.024829","120.0","https://cdc.dwd.de/rest/metadata/station/html/812300563431"
"3739","Oberviechtach","12.436545","49.452092","596.0","https://cdc.dwd.de/rest/metadata/station/html/812300564007"
"2080","Heidelberg","8.6676","49.4206","110.0","https://cdc.dwd.de/rest/metadata/station/html/812300565287"
"1488","Friedrichsbrunn","11.0394","51.6884","523.0","https://cdc.dwd.de/rest/metadata/station/html/812300566567"
"2014","Hannover","9.677917","52.464425","58.0","https://cdc.dwd.de/rest/metadata/station/html/812300567143"
"243","Aurich","7.467","53.4621","4.0","https://cdc.dwd.de/rest/metadata/station/html/812300568423"
"3204","Martinroda","10.881516","50.733481","429.0","https://cdc.dwd.de/rest/metadata/station/html/812300568999"
"169","Annaberg-Buchholz","13.0053","50.573","630.0","https://cdc.dwd.de/rest/metadata/station/html/812300571559"
"5146","Uelzen","10.528857","52.941435","50.0","https://cdc.dwd.de/rest/metadata/station/html/812300572135"
"1204","Elsfleth","8.4612","53.2346","1.0","https://cdc.dwd.de/rest/metadata/station/html/812300573415"
"13711","Krölpa-Rockendorf","11.515024","50.681954","289.0","https://cdc.dwd.de/rest/metadata/station/html/812300573991"
"4656","Segeberg, Bad","10.2993","53.9278","49.0","https://cdc.dwd.de/rest/metadata/station/html/812300575847"
"3490","Neuenahr, Bad-Ahrweiler","7.085337","50.534561","111.0","https://cdc.dwd.de/rest/metadata/station/html/812300578983"
"2503","Kaltennordheim","10.1455","50.6266","487.0","https://cdc.dwd.de/rest/metadata/station/html/812300580839"
"3085","Lübeck","10.6915","53.8773","15.0","https://cdc.dwd.de/rest/metadata/station/html/812300581543"
"3540","Neunkirchen-Seelscheid-Krawinkel","7.371973","50.844636","195.0","https://cdc.dwd.de/rest/metadata/station/html/812300582119"
"5344","Wangerooge","7.909559","53.786537","2.0","https://cdc.dwd.de/rest/metadata/station/html/812300583399"
"1957","Halle-Kröllwitz","11.9499","51.5138","93.0","https://cdc.dwd.de/rest/metadata/station/html/812300583975"
"7374","Ahaus","6.940958","52.08141","46.0","https://cdc.dwd.de/rest/metadata/station/html/812300587111"
"7420","Naumburg/Saale-Kreipitzsch","11.711157","51.10439","246.0","https://cdc.dwd.de/rest/metadata/station/html/812300588967"
"284","Bamberg (Sternwarte)","10.88","49.88","282.0","https://cdc.dwd.de/rest/metadata/station/html/812300590247"
"1443","Freiburg","7.834292","48.023242","236.0","https://cdc.dwd.de/rest/metadata/station/html/812300590823"
"979","Dillenburg","8.267238","50.736371","314.0","https://cdc.dwd.de/rest/metadata/station/html/812300592103"
"3096","Lüdenscheid (Zeppelin-Gymnasium)","7.6359","51.2131","444.0","https://cdc.dwd.de/rest/metadata/station/html/812300593383"
"5792","Zugspitze","10.984724","47.420868","2964.0","https://cdc.dwd.de/rest/metadata/station/html/812300593959"
"3603","Niederstetten","9.966667","49.389528","459.0","https://cdc.dwd.de/rest/metadata/station/html/812300595815"
"4411","Schaafheim-Schlierbach","8.967138","49.919516","155.0","https://cdc.dwd.de/rest/metadata/station/html/812300597095"
"348","Bendorf","7.5886","50.4135","127.0","https://cdc.dwd.de/rest/metadata/station/html/812300598375"
"4261","Rosenheim","12.127976","47.875339","442.0","https://cdc.dwd.de/rest/metadata/station/html/812300598951"
"2521","Karlshuld","11.2961","48.6765","374.0","https://cdc.dwd.de/rest/metadata/station/html/812300600231"
"5155","Ulm","9.9524","48.3837","567.0","https://cdc.dwd.de/rest/metadata/station/html/812300600807"
"298","Barth","12.710828","54.340582","3.0","https://cdc.dwd.de/rest/metadata/station/html/812300602087"
"3575","Neustadt/Weinstraße","8.1405","49.357","163.0","https://cdc.dwd.de/rest/metadata/station/html/812300603367"
"5440","Weißenburg-Emetzheim","10.930837","49.01153","439.0","https://cdc.dwd.de/rest/metadata/station/html/812300603943"
"3385","München-Nymphenburg","11.5011","48.166","515.0","https://cdc.dwd.de/rest/metadata/station/html/812300605223"
"15444","Ulm-Mähringen","9.92161","48.441772","593.0","https://cdc.dwd.de/rest/metadata/station/html/812300605799"
"5142","Ueckermünde","14.069699","53.744431","1.0","https://cdc.dwd.de/rest/metadata/station/html/812300607079"
"7394","Wunsiedel-Schönbrunn","11.974501","50.031507","622.0","https://cdc.dwd.de/rest/metadata/station/html/812300608935"
"1262","München-Flughafen","11.813275","48.347656","446.0","https://cdc.dwd.de/rest/metadata/station/html/812300610791"
"2961","Leuchtturm Kiel","10.273687","54.499614","31.0","https://cdc.dwd.de/rest/metadata/station/html/812300612071"
"1001","Doberlug-Kirchhain","13.574676","51.645104","97.0","https://cdc.dwd.de/rest/metadata/station/html/812300613927"
"2597","Kissingen, Bad","10.079245","50.223991","282.0","https://cdc.dwd.de/rest/metadata/station/html/812300615783"
"5825","Berge","12.786684","52.619829","40.0","https://cdc.dwd.de/rest/metadata/station/html/812300618919"
"3485","Neuburg/Kammel-Langenhaslach","10.377302","48.31145","486.0","https://cdc.dwd.de/rest/metadata/station/html/812300620775"
"5644","Witzenhausen","9.8438","51.3493","133.0","https://cdc.dwd.de/rest/metadata/station/html/812300623335"
"850","Celle","10.029573","52.595933","39.0","https://cdc.dwd.de/rest/metadata/station/html/812300623911"
"1270","Erfurt-Weimar","10.960808","50.982859","316.0","https://cdc.dwd.de/rest/metadata/station/html/812300625767"
"4782","Spören-Prussendorf","12.1093","51.604","87.0","https://cdc.dwd.de/rest/metadata/station/html/812300628327"
"5424","Weimar-Schöndorf","11.354409","51.01765","328.0","https://cdc.dwd.de/rest/metadata/station/html/812300630759"
"5282","Wahnsdorf bei Dresden","13.6744","51.1197","246.0","https://cdc.dwd.de/rest/metadata/station/html/812300633319"
"7373","Borkum-Flugplatz","6.702358","53.598388","3.0","https://cdc.dwd.de/rest/metadata/station/html/812300633895"
"2464","Jork","9.6752","53.5316","1.0","https://cdc.dwd.de/rest/metadata/station/html/812300635175"
"4837","Stegen","7.9466","47.9869","363.0","https://cdc.dwd.de/rest/metadata/station/html/812300637031"
"2374","Husum","9.0564","54.4752","3.0","https://cdc.dwd.de/rest/metadata/station/html/812300638311"
"2629","Kleve","6.095381","51.761242","46.0","https://cdc.dwd.de/rest/metadata/station/html/812300638887"
"4367","Salzhemmendorf-Lauenstein","9.551981","52.078066","175.0","https://cdc.dwd.de/rest/metadata/station/html/812300640167"
"5419","Weimar","11.3076","50.9751","264.0","https://cdc.dwd.de/rest/metadata/station/html/812300642599"
"5480","Werl","7.887922","51.576347","85.0","https://cdc.dwd.de/rest/metadata/station/html/812300643879"
"326","Beckum-Unterberg","8.0577","51.7204","120.0","https://cdc.dwd.de/rest/metadata/station/html/812300645159"
"5158","Ummendorf","11.175899","52.160135","162.0","https://cdc.dwd.de/rest/metadata/station/html/812300645735"
"259","Müllheim","7.638655","47.806372","273.0","https://cdc.dwd.de/rest/metadata/station/html/812300647591"
"1228","UFS TW Ems","6.346049","54.165071","0.0","https://cdc.dwd.de/rest/metadata/station/html/812300648871"
"2814","Merklingen","9.764464","48.512126","685.0","https://cdc.dwd.de/rest/metadata/station/html/812300652583"
"2601","Kleiner Feldberg/Taunus","8.446886","50.221796","826.0","https://cdc.dwd.de/rest/metadata/station/html/812300653863"
"4442","Schieder","9.1533","51.9119","155.0","https://cdc.dwd.de/rest/metadata/station/html/812300655143"
"2953","Lenzkirch-Ruhbühl","8.230786","47.859695","852.0","https://cdc.dwd.de/rest/metadata/station/html/812300655719"
"4189","Altheim, Kreis Biberach","9.459634","48.147883","533.0","https://cdc.dwd.de/rest/metadata/station/html/812300657575"
"6344","Runkel-Ennerich","8.142276","50.393972","168.0","https://cdc.dwd.de/rest/metadata/station/html/812300658855"
"4911","Straubing","12.559695","48.827504","351.0","https://cdc.dwd.de/rest/metadata/station/html/812300660711"
"3196","Marnitz","11.931949","53.322288","81.0","https://cdc.dwd.de/rest/metadata/station/html/812300663847"
"3903","Perl-Besch","6.3857","49.5114","175.0","https://cdc.dwd.de/rest/metadata/station/html/812300665127"
"6347","Schonungen-Mainberg","10.297177","50.057935","304.0","https://cdc.dwd.de/rest/metadata/station/html/812300665703"
"320","Heinersreuth-Vollhof","11.519692","49.96667","350.0","https://cdc.dwd.de/rest/metadata/station/html/812300667559"
"2115","Helgoland","7.891995","54.174971","4.0","https://cdc.dwd.de/rest/metadata/station/html/812300668839"
"5075","Traunstein-Axdorf","12.6182","47.8516","635.0","https://cdc.dwd.de/rest/metadata/station/html/812300671975"
"2261","Hof","11.876039","50.312257","565.0","https://cdc.dwd.de/rest/metadata/station/html/812300672551"
"5930","Schönhagen (Ostseebad)","10.02377","54.640986","1.0","https://cdc.dwd.de/rest/metadata/station/html/812300673831"
"3376","Müncheberg","14.123226","52.517588","63.0","https://cdc.dwd.de/rest/metadata/station/html/812300675687"
"3244","Memmingen","10.138397","47.982038","615.0","https://cdc.dwd.de/rest/metadata/station/html/812300677543"
"881","Crailsheim-Alexandersreut","10.097896","49.098476","423.0","https://cdc.dwd.de/rest/metadata/station/html/812300678823"
"13965","Balingen-Bronnhaupten","8.813418","48.263864","619.0","https://cdc.dwd.de/rest/metadata/station/html/812300681214"
"1000","Doberan, Bad-Heiligendamm","11.8454","54.1442","3.0","https://cdc.dwd.de/rest/metadata/station/html/812300681959"
"3875","Parsberg/Oberpfalz-Eglwang","11.689638","49.15102","549.0","https://cdc.dwd.de/rest/metadata/station/html/812300682535"
"2088","Heidenheim/Brenz","10.1307","48.6765","498.0","https://cdc.dwd.de/rest/metadata/station/html/812300683815"
"3023","Lingen","7.308057","52.518093","22.0","https://cdc.dwd.de/rest/metadata/station/html/812300685671"
"619","Borkum-Süderstraße","6.670348","53.578793","12.0","https://cdc.dwd.de/rest/metadata/station/html/812300686951"
"3513","Neuhaus am Rennweg","11.134394","50.500232","845.0","https://cdc.dwd.de/rest/metadata/station/html/812300687527"
"377","Bergzabern, Bad","7.996749","49.107025","210.0","https://cdc.dwd.de/rest/metadata/station/html/812300692519"
"5732","Wrixum/Föhr","8.527128","54.692781","8.0","https://cdc.dwd.de/rest/metadata/station/html/812300694375"
"1378","Flensburg","9.4182","54.8086","45.0","https://cdc.dwd.de/rest/metadata/station/html/812300695079"
"1303","Essen-Bredeney","6.967741","51.404085","150.0","https://cdc.dwd.de/rest/metadata/station/html/812300695655"
"3790","Oldenburg (A)","8.2516","53.1018","5.0","https://cdc.dwd.de/rest/metadata/station/html/812300696935"
"4301","Kreuznach, Bad","7.871018","49.850173","102.0","https://cdc.dwd.de/rest/metadata/station/html/812300697511"
"5128","Tuttlingen-Möhringen-Vorstadt","8.789958","47.968212","668.0","https://cdc.dwd.de/rest/metadata/station/html/812300698791"
"3317","Mölln","10.6943","53.6128","42.0","https://cdc.dwd.de/rest/metadata/station/html/812300700071"
"4063","Rahden-Kleinendorf","8.590574","52.446122","41.0","https://cdc.dwd.de/rest/metadata/station/html/812300700647"
"3126","Magdeburg","11.582678","52.102889","76.0","https://cdc.dwd.de/rest/metadata/station/html/812300702503"
"3811","Oschatz","13.092837","51.295965","150.0","https://cdc.dwd.de/rest/metadata/station/html/812300707495"
"1424","Frankfurt/Main-Westend","8.669403","50.126906","124.0","https://cdc.dwd.de/rest/metadata/station/html/812300710631"
"3320","Mönchengladbach","6.4499","51.197","49.0","https://cdc.dwd.de/rest/metadata/station/html/812300711911"
"1522","Fürth/Bayern (A)","10.964","49.4811","313.0","https://cdc.dwd.de/rest/metadata/station/html/812300713767"
"4763","Sontra","9.926618","51.060686","265.0","https://cdc.dwd.de/rest/metadata/station/html/812300715623"
"4354","Saldenburg-Entschenreuth","13.314592","48.783156","457.0","https://cdc.dwd.de/rest/metadata/station/html/812300717479"
"2761","Krumbach-Edenhausen","10.4163","48.251","520.0","https://cdc.dwd.de/rest/metadata/station/html/812300718759"
"5562","Neubulach-Oberhaugstett","8.680095","48.651551","570.0","https://cdc.dwd.de/rest/metadata/station/html/812300719335"
"1694","Goldberg","12.103307","53.606015","58.0","https://cdc.dwd.de/rest/metadata/station/html/812300720615"
"3659","Nürburg","6.9501","50.3391","627.0","https://cdc.dwd.de/rest/metadata/station/html/812300721895"
"5800","Zwiesel","13.238509","49.028013","615.0","https://cdc.dwd.de/rest/metadata/station/html/812300722471"
"3565","Neustadt/Aisch","10.6001","49.5728","315.0","https://cdc.dwd.de/rest/metadata/station/html/812300723751"
"7424","Piding","12.907282","47.77239","457.0","https://cdc.dwd.de/rest/metadata/station/html/812300727463"
"3897","Pelzerhaken","10.877341","54.08933","2.0","https://cdc.dwd.de/rest/metadata/station/html/812300730599"
"1526","Fulda-Horas","9.65325","50.566806","242.0","https://cdc.dwd.de/rest/metadata/station/html/812300731879"
"2627","Klettwitz","13.884528","51.555433","128.0","https://cdc.dwd.de/rest/metadata/station/html/812300732455"
"2700","Kösching","11.487243","48.830189","416.0","https://cdc.dwd.de/rest/metadata/station/html/812300734311"
"474","Warthausen-Birkenhard","9.7639","48.1252","599.0","https://cdc.dwd.de/rest/metadata/station/html/812300735591"
"7244","Neuglobsow (HM)","13.0319","53.1424","62.0","https://cdc.dwd.de/rest/metadata/station/html/812300737447"
"207","Aschersleben","11.4667","51.7498","105.0","https://cdc.dwd.de/rest/metadata/station/html/812300741863"
"1339","Faßberg","10.188545","52.915652","73.0","https://cdc.dwd.de/rest/metadata/station/html/812300742439"
"2444","Jena (Sternwarte)","11.582984","50.925141","155.0","https://cdc.dwd.de/rest/metadata/station/html/812300744295"
"2949","Lenningen-Schopfloch","9.5275","48.5396","758.0","https://cdc.dwd.de/rest/metadata/station/html/812300745575"
"4745","Soltau","9.793049","52.960408","75.0","https://cdc.dwd.de/rest/metadata/station/html/812300747431"
"863","Clausthal-Zellerfeld","10.347","51.7904","585.0","https://cdc.dwd.de/rest/metadata/station/html/812300748711"
"2861","Langeoog","7.4775","53.7445","5.0","https://cdc.dwd.de/rest/metadata/station/html/812300753703"
"3137","Mainz-Lerchenberg (ZDF)","8.213852","49.965563","195.0","https://cdc.dwd.de/rest/metadata/station/html/812300754279"
"4927","Stuttgart-Stadt","9.1814","48.7693","286.0","https://cdc.dwd.de/rest/metadata/station/html/812300755559"
"2968","Köln-Stammheim","6.977688","50.989428","43.0","https://cdc.dwd.de/rest/metadata/station/html/812300757415"
"445","Bernburg/Saale (Nord)","11.71098","51.821792","85.0","https://cdc.dwd.de/rest/metadata/station/html/812300759271"
"6264","Brilon-Thülen","8.649983","51.413998","457.0","https://cdc.dwd.de/rest/metadata/station/html/812300762407"
"554","Bocholt-Liedern (Wasserwerk)","6.53651","51.8293","23.0","https://cdc.dwd.de/rest/metadata/station/html/812300763687"
"221","Au i.d.Hallertau-Günzenhausen","11.7117","48.5515","483.0","https://cdc.dwd.de/rest/metadata/station/html/812300765543"
"1197","Ellwangen-Rindelbach","10.131234","48.989498","460.0","https://cdc.dwd.de/rest/metadata/station/html/812300766119"
"2474","Jülich (Forsch.-Anlage)","6.4093","50.9104","91.0","https://cdc.dwd.de/rest/metadata/station/html/812300768679"
"3752","Ochsenkopf","11.8074","50.03","1014.0","https://cdc.dwd.de/rest/metadata/station/html/812300769255"
"3268","Meßstetten-Appental","8.943253","48.169359","900.0","https://cdc.dwd.de/rest/metadata/station/html/812300771111"
"7410","Neu-Ulrichstein","9.02243","50.75133","350.0","https://cdc.dwd.de/rest/metadata/station/html/812300777383"
"3007","Limburgerhof","8.398","49.4111","96.0","https://cdc.dwd.de/rest/metadata/station/html/812300778663"
"4625","Schwerin","11.387203","53.642521","59.0","https://cdc.dwd.de/rest/metadata/station/html/812300782375"
"4066","Raisting","11.1048","47.9091","553.0","https://cdc.dwd.de/rest/metadata/station/html/812300785511"
"983","Dillingen/Donau-Fristingen","10.55985","48.556225","419.0","https://cdc.dwd.de/rest/metadata/station/html/812300786087"
"2429","Itzehoe","9.569639","53.989745","21.0","https://cdc.dwd.de/rest/metadata/station/html/812300787367"
"480","Biedenkopf-Wallau","8.493534","50.927486","296.0","https://cdc.dwd.de/rest/metadata/station/html/812300788647"
"164","Angermünde","13.99082","53.031558","54.0","https://cdc.dwd.de/rest/metadata/station/html/812300789223"
"2533","Kassel-Harleshausen","9.4506","51.334","198.0","https://cdc.dwd.de/rest/metadata/station/html/812300793639"
"3987","Potsdam","13.062229","52.381287","81.0","https://cdc.dwd.de/rest/metadata/station/html/812300794215"
"656","Braunlage","10.602109","51.723383","607.0","https://cdc.dwd.de/rest/metadata/station/html/812300799207"
"3478","Neubrandenburg","13.1914","53.5468","81.0","https://cdc.dwd.de/rest/metadata/station/html/812300800487"
"7298","Hattstedt","9.042461","54.526755","5.0","https://cdc.dwd.de/rest/metadata/station/html/812300801063"
"2388","Ihringen","7.632223","48.041893","193.0","https://cdc.dwd.de/rest/metadata/station/html/812300802343"
"3254","Meppen","7.317629","52.715579","19.0","https://cdc.dwd.de/rest/metadata/station/html/812300804199"
"645","Bramsche","7.968234","52.408318","75.0","https://cdc.dwd.de/rest/metadata/station/html/812300805479"
"4501","Schmücke","10.769332","50.654562","937.0","https://cdc.dwd.de/rest/metadata/station/html/812300806055"
"3788","Olbersdorf","14.7628","50.8646","305.0","https://cdc.dwd.de/rest/metadata/station/html/812300808615"
"953","Deuselbach","7.054249","49.761875","481.0","https://cdc.dwd.de/rest/metadata/station/html/812300811047"
"1667","Glückstadt","9.429456","53.79702","1.0","https://cdc.dwd.de/rest/metadata/station/html/812300813607"
"1766","Münster/Osnabrück","7.696854","52.13437","48.0","https://cdc.dwd.de/rest/metadata/station/html/812300814183"
"3955","Plön (See)","10.402","54.159","24.0","https://cdc.dwd.de/rest/metadata/station/html/812300818599"
"4371","Salzuflen, Bad","8.75208","52.104211","135.0","https://cdc.dwd.de/rest/metadata/station/html/812300819175"
"13776","Hildesheim-Drispenstedt","9.9524","52.1789","85.0","https://cdc.dwd.de/rest/metadata/station/html/812300820455"
"4032","Quedlinburg","11.131995","51.795344","142.0","https://cdc.dwd.de/rest/metadata/station/html/812300821031"
"853","Chemnitz","12.871977","50.791286","418.0","https://cdc.dwd.de/rest/metadata/station/html/812300822311"
"5029","Tholey","7.038578","49.473764","386.0","https://cdc.dwd.de/rest/metadata/station/html/812300824167"
"1238","Engelskirchen","7.425","50.9884","144.0","https://cdc.dwd.de/rest/metadata/station/html/812300825447"
"685","Breitsol","9.4281","49.9017","585.0","https://cdc.dwd.de/rest/metadata/station/html/812300827303"
"1639","Gießen/Wettenberg","8.643902","50.601713","203.0","https://cdc.dwd.de/rest/metadata/station/html/812300829159"
"1358","Fichtelberg","12.953506","50.428346","1213.0","https://cdc.dwd.de/rest/metadata/station/html/812300831015"
"4160","Renningen-Ihinger Hof","8.923969","48.742509","478.0","https://cdc.dwd.de/rest/metadata/station/html/812300832871"
"5279","Wesertal-Lippoldsberg","9.57491","51.61941","176.0","https://cdc.dwd.de/rest/metadata/station/html/812300834151"
"5906","Mannheim","8.558461","49.506241","98.0","https://cdc.dwd.de/rest/metadata/station/html/812300837863"
"1803","Groß Lüsewitz","12.32378","54.071372","34.0","https://cdc.dwd.de/rest/metadata/station/html/812300839143"
"6158","Weidenbach-Weiherschneidbach","10.608435","49.224749","455.0","https://cdc.dwd.de/rest/metadata/station/html/812300840999"
"3722","Oberschleißheim","11.552779","48.244344","484.0","https://cdc.dwd.de/rest/metadata/station/html/812300842279"
"1200","Elpersbüttel","9.010547","54.069146","3.0","https://cdc.dwd.de/rest/metadata/station/html/812300844135"
"1990","Hamburg-Wandsbek","10.1293","53.5853","18.0","https://cdc.dwd.de/rest/metadata/station/html/812300845415"
"399","Berlin-Alexanderplatz","13.405678","52.519785","36.0","https://cdc.dwd.de/rest/metadata/station/html/812300845991"
"1587","Gelbelsee","11.428929","48.948116","536.0","https://cdc.dwd.de/rest/metadata/station/html/812300847847"
"4466","Schleswig","9.548666","54.527539","43.0","https://cdc.dwd.de/rest/metadata/station/html/812300849127"
"2951","Lenzen/Elbe","11.486414","53.100708","20.0","https://cdc.dwd.de/rest/metadata/station/html/812300850983"
"5890","Kohlgrub, Bad (A)","11.0473","47.6777","850.0","https://cdc.dwd.de/rest/metadata/station/html/812300852263"
"710","Bretten","8.699113","49.02497","181.0","https://cdc.dwd.de/rest/metadata/station/html/812300854119"
"701","Bremerhaven","8.576089","53.53321","6.0","https://cdc.dwd.de/rest/metadata/station/html/812300855975"
"129","Altentreptow","13.242","53.689277","33.0","https://cdc.dwd.de/rest/metadata/station/html/812300857255"
"3730","Oberstdorf","10.275881","47.398429","806.0","https://cdc.dwd.de/rest/metadata/station/html/812300857831"
"1182","Eisleben-Helfta","11.5705","51.5029","146.0","https://cdc.dwd.de/rest/metadata/station/html/812300860391"
"1691","Göttingen","9.950659","51.500248","167.0","https://cdc.dwd.de/rest/metadata/station/html/812300860967"
"5014","Worpswede-Hüttenbusch","8.985687","53.275827","7.0","https://cdc.dwd.de/rest/metadata/station/html/812300865959"
"1172","Einbeck","9.8871","51.8189","123.0","https://cdc.dwd.de/rest/metadata/station/html/812300867239"
"648","Brande-Hörnerkirchen","9.7152","53.8551","9.0","https://cdc.dwd.de/rest/metadata/station/html/812300870375"
"603","Königswinter-Heiderhof","7.204691","50.729022","144.0","https://cdc.dwd.de/rest/metadata/station/html/812300870951"
"3103","Lüneburg","10.424","53.2657","11.0","https://cdc.dwd.de/rest/metadata/station/html/812300872231"
"3098","Lüdenscheid","7.642497","51.245158","387.0","https://cdc.dwd.de/rest/metadata/station/html/812300875943"
"5252","Voldagsen","9.5845","52.103","100.0","https://cdc.dwd.de/rest/metadata/station/html/812300877223"
"1605","Genthin","12.160084","52.387515","35.0","https://cdc.dwd.de/rest/metadata/station/html/812300877799"
"1426","Frankfurt/Oder","14.507999","52.339682","65.0","https://cdc.dwd.de/rest/metadata/station/html/812300879655"
"7330","Arnsberg-Neheim","7.97797","51.46332","159.0","https://cdc.dwd.de/rest/metadata/station/html/812300880935"
"1255","Eppingen-Elsenz","8.852289","49.166448","220.0","https://cdc.dwd.de/rest/metadata/station/html/812300884647"
"2703","Köterberg","9.3239","51.855","496.0","https://cdc.dwd.de/rest/metadata/station/html/812300887207"
"4091","Rauschberg bei Ruhpolding","12.6827","47.7327","1640.0","https://cdc.dwd.de/rest/metadata/station/html/812300887783"
"3402","Münsingen-Apfelstetten","9.483693","48.385066","750.0","https://cdc.dwd.de/rest/metadata/station/html/812300889639"
"3527","Neukirchen-Hauptschwenda","9.40498","50.89228","500.0","https://cdc.dwd.de/rest/metadata/station/html/812300890919"
"174","Annweiler-Bindersbach","7.9766","49.1886","250.0","https://cdc.dwd.de/rest/metadata/station/html/812300892199"
"4104","Regensburg","12.101943","49.042482","365.0","https://cdc.dwd.de/rest/metadata/station/html/812300892775"
"4931","Stuttgart-Echterdingen","9.223535","48.688307","371.0","https://cdc.dwd.de/rest/metadata/station/html/812300894631"
"183","Arkona","13.434252","54.67916","42.0","https://cdc.dwd.de/rest/metadata/station/html/812300895911"
"5404","Weihenstephan-Dürnast","11.694552","48.402404","477.0","https://cdc.dwd.de/rest/metadata/station/html/812300897767"
"3383","München-Botanischer Garten","11.5019","48.1635","515.0","https://cdc.dwd.de/rest/metadata/station/html/812300899047"
"13674","Waibstadt","8.905286","49.294262","237.0","https://cdc.dwd.de/rest/metadata/station/html/812300899623"
"5109","Trollenhagen","13.3039","53.5997","69.0","https://cdc.dwd.de/rest/metadata/station/html/812300900903"
"7370","Waldmünchen","12.683802","49.390952","499.0","https://cdc.dwd.de/rest/metadata/station/html/812300902759"
"2907","Leck","8.951446","54.790294","7.0","https://cdc.dwd.de/rest/metadata/station/html/812300905895"
"880","Cottbus","14.316811","51.775983","69.0","https://cdc.dwd.de/rest/metadata/station/html/812300907751"
"2559","Kempten","10.334797","47.723259","705.0","https://cdc.dwd.de/rest/metadata/station/html/812300909607"
"5745","Zehdenick","13.326781","52.966353","51.0","https://cdc.dwd.de/rest/metadata/station/html/812300912743"
"1243","Eningen","9.3028","48.4734","705.0","https://cdc.dwd.de/rest/metadata/station/html/812300915879"
"5568","Wildungen, Bad","9.1081","51.1056","310.0","https://cdc.dwd.de/rest/metadata/station/html/812300917159"
"769","Bückeburg","9.088939","52.281732","68.0","https://cdc.dwd.de/rest/metadata/station/html/812300917735"
"896","Dachwig","10.861875","51.077772","170.0","https://cdc.dwd.de/rest/metadata/station/html/812300919591"
"3631","Norderney","7.151923","53.712304","11.0","https://cdc.dwd.de/rest/metadata/station/html/812300922727"
"703","Bremervörde (A)","9.1553","53.4779","5.0","https://cdc.dwd.de/rest/metadata/station/html/812300924007"
"4222","Rodewisch","12.4091","50.5263","464.0","https://cdc.dwd.de/rest/metadata/station/html/812300927143"
"7367","Alfeld","9.80717","51.964331","144.0","https://cdc.dwd.de/rest/metadata/station/html/812300927719"
"2456","Jever","7.8806","53.5322","7.0","https://cdc.dwd.de/rest/metadata/station/html/812300928999"
"4719","Sinsheim","8.8787","49.2447","169.0","https://cdc.dwd.de/rest/metadata/station/html/812300930855"
"1188","Elgersburg","10.8576","50.7041","518.0","https://cdc.dwd.de/rest/metadata/station/html/812300931431"
"2122","Helse, Kr. Dithmarschen","9.0095","53.9701","2.0","https://cdc.dwd.de/rest/metadata/station/html/812300932135"
"2497","Kall-Sistig","6.526408","50.50141","505.0","https://cdc.dwd.de/rest/metadata/station/html/812300932711"
"4364","Salzgitter-Ringelheim","10.3054","52.0355","138.0","https://cdc.dwd.de/rest/metadata/station/html/812300933991"
"5426","Weinbiet","8.121278","49.375835","553.0","https://cdc.dwd.de/rest/metadata/station/html/812300934567"
"4320","Ruhwinkel","10.2223","54.0934","36.0","https://cdc.dwd.de/rest/metadata/station/html/812300937127"
"5347","Warburg","9.111751","51.503989","236.0","https://cdc.dwd.de/rest/metadata/station/html/812300937703"
"186","Arnsberg","8.0713","51.3773","218.0","https://cdc.dwd.de/rest/metadata/station/html/812300938983"
"4642","Seehausen","11.729697","52.891136","21.0","https://cdc.dwd.de/rest/metadata/station/html/812300939559"
"954","UFS Deutsche Bucht","7.458717","54.179583","0.0","https://cdc.dwd.de/rest/metadata/station/html/812300942695"
"2147","Herford","8.6865","52.1264","77.0","https://cdc.dwd.de/rest/metadata/station/html/812300943975"
"7329","Treuen","12.2863","50.5467","465.0","https://cdc.dwd.de/rest/metadata/station/html/812300944551"
"2812","Lahr","7.827986","48.364742","156.0","https://cdc.dwd.de/rest/metadata/station/html/812300946407"
"2171","Hersfeld, Bad","9.737694","50.851957","272.0","https://cdc.dwd.de/rest/metadata/station/html/812300947687"
"4401","Sassendorf, Bad-Ostinghausen","8.1872","51.6334","81.0","https://cdc.dwd.de/rest/metadata/station/html/812300948967"
"4177","Rheinstetten","8.330074","48.972621","116.0","https://cdc.dwd.de/rest/metadata/station/html/812300951399"
"4706","Simbach/Inn","13.027276","48.271797","358.0","https://cdc.dwd.de/rest/metadata/station/html/812300954535"
"2796","Laage (Flugplatz)","12.278987","53.915597","40.0","https://cdc.dwd.de/rest/metadata/station/html/812300957671"
"3879","Passau-Oberhaus","13.4694","48.5779","409.0","https://cdc.dwd.de/rest/metadata/station/html/812300960807"
"282","Bamberg","10.920558","49.874252","240.0","https://cdc.dwd.de/rest/metadata/station/html/812300961383"
"1736","Grambek","10.679686","53.573115","27.0","https://cdc.dwd.de/rest/metadata/station/html/812300962663"
"410","Berlin-Kaniswall","13.730854","52.404034","33.0","https://cdc.dwd.de/rest/metadata/station/html/812300964519"
"5074","Traunstein-Sparz","12.6566","47.8663","626.0","https://cdc.dwd.de/rest/metadata/station/html/812300965799"
"2023","Harburg","10.706234","48.791834","501.0","https://cdc.dwd.de/rest/metadata/station/html/812300966375"
"5516","Fehmarn","11.060556","54.528292","3.0","https://cdc.dwd.de/rest/metadata/station/html/812300967655"
"2092","Heidenrod-Mappershain","7.9949","50.1691","496.0","https://cdc.dwd.de/rest/metadata/station/html/812300968935"
"3158","Manschnow","14.545212","52.546827","12.0","https://cdc.dwd.de/rest/metadata/station/html/812300969511"
"102","Leuchtturm Alte Weser","8.1275","53.86333","32.0","https://cdc.dwd.de/rest/metadata/station/html/812300974503"
"5822","Bassum","8.698827","52.86304","40.0","https://cdc.dwd.de/rest/metadata/station/html/812300975038"
"288","Bargischow-Gnevezin","13.7549","53.8409","3.0","https://cdc.dwd.de/rest/metadata/station/html/812300975783"
"2083","Heidelberg-Grenzhof","8.6051","49.4192","110.0","https://cdc.dwd.de/rest/metadata/station/html/812300977639"
"2323","Bevern, Kr. Holzminden","9.495274","51.85294","110.0","https://cdc.dwd.de/rest/metadata/station/html/812300979495"
"1221","Emden-Wolthusen","7.2236","53.3707","0.0","https://cdc.dwd.de/rest/metadata/station/html/812300985767"
"161","Andernach","7.420164","50.423672","75.0","https://cdc.dwd.de/rest/metadata/station/html/812300986343"
"5514","Westerland","8.3123","54.8991","3.0","https://cdc.dwd.de/rest/metadata/station/html/812300988199"
"5127","Tuttlingen","8.8179","48.0083","649.0","https://cdc.dwd.de/rest/metadata/station/html/812300992615"
"3623","Nörvenich (Flugplatz)","6.660172","50.829376","111.0","https://cdc.dwd.de/rest/metadata/station/html/812300994471"
"222","Aue","12.714005","50.590707","387.0","https://cdc.dwd.de/rest/metadata/station/html/812300997607"
"2225","Hinterhermsdorf","14.3667","50.9167","385.0","https://cdc.dwd.de/rest/metadata/station/html/812301000505"
"4505","Schnarrtanne-Vogelsgrün","12.45","50.5","708.0","https://cdc.dwd.de/rest/metadata/station/html/812301000628"
"833","Neuhausen/Erzgeb.-Rauschenbach (Talsp.)","13.497456","50.695051","615.0","https://cdc.dwd.de/rest/metadata/station/html/812301000956"
"407","Berlin-Frohnau","13.2858","52.6461","48.0","https://cdc.dwd.de/rest/metadata/station/html/812301001015"
"15555","Kaufbeuren-Oberbeuren","10.584838","47.876101","816.0","https://cdc.dwd.de/rest/metadata/station/html/812301001939"
"4391","Sankt Michaelisdonn","9.1125","53.9878","3.0","https://cdc.dwd.de/rest/metadata/station/html/812301002117"
"116","Altenburg","12.4333","50.9833","213.0","https://cdc.dwd.de/rest/metadata/station/html/812301002481"
"2264","Hofgeismar-Beberbeck","9.478574","51.533679","242.0","https://cdc.dwd.de/rest/metadata/station/html/812301003782"
"1568","Gehlberg-Schmücke","10.7743","50.6549","916.0","https://cdc.dwd.de/rest/metadata/station/html/812301003857"
"1583","Geisingberg","13.7732","50.7719","823.0","https://cdc.dwd.de/rest/metadata/station/html/812301004907"
"1758","Greifswald-Wieck","13.45","54.1","2.0","https://cdc.dwd.de/rest/metadata/station/html/812301004908"
"5431","Weisen bei Wittenberge","11.8","53.0333","24.0","https://cdc.dwd.de/rest/metadata/station/html/812301004912"
"2931","Leipzig-Mockau","12.3962","51.392","128.0","https://cdc.dwd.de/rest/metadata/station/html/812301005186"
"2963","Leunawerke","12.0333","51.3167","92.0","https://cdc.dwd.de/rest/metadata/station/html/812301005189"
"1709","Gottleuba, Bad","13.9333","50.85","740.0","https://cdc.dwd.de/rest/metadata/station/html/812301005308"
"268","Baiersbronn-Obertal","8.2727","48.5293","622.0","https://cdc.dwd.de/rest/metadata/station/html/812301006428"
"4612","Schwarzenberg","12.7678","50.5513","418.0","https://cdc.dwd.de/rest/metadata/station/html/812301006598"
"5582","Willingen/Upland","8.6026","51.294","580.0","https://cdc.dwd.de/rest/metadata/station/html/812301006693"
"1834","Grosser Inselsberg","10.4665","50.8519","913.0","https://cdc.dwd.de/rest/metadata/station/html/812301007964"
"1849","Großmehring-Theißing","11.5728","48.8126","408.0","https://cdc.dwd.de/rest/metadata/station/html/812301007966"
"4597","Schwangau-Horn","10.7181","47.5769","792.0","https://cdc.dwd.de/rest/metadata/station/html/812301008120"
"1960","Halle (Stadt)","11.9671","51.4831","102.0","https://cdc.dwd.de/rest/metadata/station/html/812301008338"
"876","Collmberg","13.0096","51.304","314.0","https://cdc.dwd.de/rest/metadata/station/html/812301008497"
"998","Dobel","8.4921","48.7968","696.0","https://cdc.dwd.de/rest/metadata/station/html/812301009395"
"2409","Ingolstadt (Flussmeisterstelle)","11.45392","48.766206","360.0","https://cdc.dwd.de/rest/metadata/station/html/812301009419"
"3694","Oberhof","10.7256","50.7005","810.0","https://cdc.dwd.de/rest/metadata/station/html/812301009471"
"2324","Holzminden-Silberborn","9.5447","51.7659","440.0","https://cdc.dwd.de/rest/metadata/station/html/812301009740"
"361","Berchtesgaden (KKst)","13.0109","47.6344","550.0","https://cdc.dwd.de/rest/metadata/station/html/812301010888"
"1018","Donaueschingen","8.5046","47.9422","677.0","https://cdc.dwd.de/rest/metadata/station/html/812301010900"
"5063","Tölz, Bad","11.5819","47.7566","724.0","https://cdc.dwd.de/rest/metadata/station/html/812301010906"
"5047","Titisee-Neustadt-Langenordnach","8.1933","47.9394","870.0","https://cdc.dwd.de/rest/metadata/station/html/812301011103"
"5068","Torgau","13.0","51.5833","80.0","https://cdc.dwd.de/rest/metadata/station/html/812301011106"
"524","Bitterfeld","12.3167","51.6333","80.0","https://cdc.dwd.de/rest/metadata/station/html/812301011490"
"7135","Aulendorf-Haslach","9.6804","47.9655","565.0","https://cdc.dwd.de/rest/metadata/station/html/812301011497"
